,trainning_time_consume(s),train_loss_record,test_loss_record,test_time_consume(s)
0,798.0910906791687,0.0471285842359066,0.04139890242367983,6.337737083435059
1,798.0910906791687,0.04515787959098816,0.04139890242367983,6.337737083435059
2,798.0910906791687,0.04356291517615318,0.04139890242367983,6.337737083435059
3,798.0910906791687,0.04359729588031769,0.04139890242367983,6.337737083435059
4,798.0910906791687,0.043589115142822266,0.04139890242367983,6.337737083435059
5,798.0910906791687,0.04353545606136322,0.04139890242367983,6.337737083435059
6,798.0910906791687,0.043431688100099564,0.04139890242367983,6.337737083435059
7,798.0910906791687,0.043342724442481995,0.04139890242367983,6.337737083435059
8,798.0910906791687,0.04323425889015198,0.04139890242367983,6.337737083435059
9,798.0910906791687,0.04322408139705658,0.04139890242367983,6.337737083435059
10,798.0910906791687,0.04321487993001938,0.04139890242367983,6.337737083435059
11,798.0910906791687,0.0432090163230896,0.04139890242367983,6.337737083435059
12,798.0910906791687,0.043204307556152344,0.04139890242367983,6.337737083435059
13,798.0910906791687,0.04320079833269119,0.04139890242367983,6.337737083435059
14,798.0910906791687,0.04319833219051361,0.04139890242367983,6.337737083435059
15,798.0910906791687,0.04319693520665169,0.04139890242367983,6.337737083435059
16,798.0910906791687,0.04319623112678528,0.04139890242367983,6.337737083435059
17,798.0910906791687,0.04319590702652931,0.04139890242367983,6.337737083435059
18,798.0910906791687,0.043196823447942734,0.04139890242367983,6.337737083435059
19,798.0910906791687,0.04319680109620094,0.04139890242367983,6.337737083435059
20,798.0910906791687,0.0431966669857502,0.04139890242367983,6.337737083435059
21,798.0910906791687,0.04319673776626587,0.04139890242367983,6.337737083435059
22,798.0910906791687,0.0431969091296196,0.04139890242367983,6.337737083435059
23,798.0910906791687,0.0431971438229084,0.04139890242367983,6.337737083435059
24,798.0910906791687,0.043197374790906906,0.04139890242367983,6.337737083435059
25,798.0910906791687,0.04319754242897034,0.04139890242367983,6.337737083435059
26,798.0910906791687,0.043197572231292725,0.04139890242367983,6.337737083435059
27,798.0910906791687,0.043197423219680786,0.04139890242367983,6.337737083435059
28,798.0910906791687,0.04319702833890915,0.04139890242367983,6.337737083435059
29,798.0910906791687,0.04319625720381737,0.04139890242367983,6.337737083435059
