,trainning_time_consume(s),test_time_consume(s)
0,1.8989989757537842,0.039000511169433594
1,1.84299635887146,0.03200173377990723
2,4.12796688079834,0.07399964332580566
3,2.859999895095825,0.06900167465209961
4,3.712998628616333,0.06502914428710938
5,4.763996362686157,0.07100033760070801
6,4.949000597000122,0.06099987030029297
7,2.826000690460205,0.06400084495544434
8,4.88399863243103,0.07400012016296387
9,1.8970000743865967,0.0429997444152832
