,trainning_time_consume(s),test_time_consume(s)
0,5.514997959136963,0.08500075340270996
1,5.619996786117554,0.07899999618530273
2,2.864999532699585,0.056999921798706055
3,4.970001220703125,0.06999874114990234
4,4.882002830505371,0.08002805709838867
5,3.3590011596679688,0.0579991340637207
6,4.748000621795654,0.08999991416931152
7,3.1379997730255127,0.04202675819396973
8,1.5229992866516113,0.02500009536743164
9,3.2630012035369873,0.07000041007995605
