,trainning_time_consume(s),test_time_consume(s)
0,3.5205347537994385,0.0010004043579101562
1,2.8757903575897217,0.0010004043579101562
2,3.3200371265411377,0.0010006427764892578
3,2.7341837882995605,0.0
4,2.727571487426758,0.0009992122650146484
5,2.1120049953460693,0.0009937286376953125
# cuda