,trainning_time_consume(s),test_time_consume(s)
0,2263.0724124908447,0.022999048233032227
1,1996.0407769680023,0.018999576568603516
2,4175.344368219376,0.2839987277984619
3,2517.259957075119,0.031996726989746094
4,2190.7021160125732,0.005997657775878906
5,2294.0316462516785,0.0260009765625
6,2731.8305320739746,0.004037618637084961
7,1958.8866744041443,0.00899958610534668
8,1888.8460569381714,0.005000591278076172
9,1475.136712551117,0.023000240325927734
# cuda