,trainning_time_consume(s),train_loss_record,test_loss_record,test_time_consume(s)
0,34.24782586097717,0.24358460307121277,0.2463302742689848,0.17507553100585938
1,34.24782586097717,0.24362577497959137,0.2463302742689848,0.17507553100585938
2,34.24782586097717,0.24334141612052917,0.2463302742689848,0.17507553100585938
3,34.24782586097717,0.24350111186504364,0.2463302742689848,0.17507553100585938
4,34.24782586097717,0.2450764924287796,0.2463302742689848,0.17507553100585938
5,34.24782586097717,0.24522778391838074,0.2463302742689848,0.17507553100585938
6,34.24782586097717,0.24472792446613312,0.2463302742689848,0.17507553100585938
7,34.24782586097717,0.24469825625419617,0.2463302742689848,0.17507553100585938
8,34.24782586097717,0.2450755089521408,0.2463302742689848,0.17507553100585938
9,34.24782586097717,0.2466338872909546,0.2463302742689848,0.17507553100585938
10,34.24782586097717,0.24624918401241302,0.2463302742689848,0.17507553100585938
11,34.24782586097717,0.24626828730106354,0.2463302742689848,0.17507553100585938
12,34.24782586097717,0.24607880413532257,0.2463302742689848,0.17507553100585938
13,34.24782586097717,0.2460535317659378,0.2463302742689848,0.17507553100585938
14,34.24782586097717,0.246161088347435,0.2463302742689848,0.17507553100585938
15,34.24782586097717,0.24573193490505219,0.2463302742689848,0.17507553100585938
16,34.24782586097717,0.2458024024963379,0.2463302742689848,0.17507553100585938
17,34.24782586097717,0.24576857686042786,0.2463302742689848,0.17507553100585938
18,34.24782586097717,0.24574802815914154,0.2463302742689848,0.17507553100585938
19,34.24782586097717,0.2457083910703659,0.2463302742689848,0.17507553100585938
20,34.24782586097717,0.24567440152168274,0.2463302742689848,0.17507553100585938
21,34.24782586097717,0.24563825130462646,0.2463302742689848,0.17507553100585938
22,34.24782586097717,0.24560096859931946,0.2463302742689848,0.17507553100585938
23,34.24782586097717,0.24556179344654083,0.2463302742689848,0.17507553100585938
24,34.24782586097717,0.2455202341079712,0.2463302742689848,0.17507553100585938
25,34.24782586097717,0.24547512829303741,0.2463302742689848,0.17507553100585938
26,34.24782586097717,0.2454247772693634,0.2463302742689848,0.17507553100585938
27,34.24782586097717,0.24536649882793427,0.2463302742689848,0.17507553100585938
28,34.24782586097717,0.2452956885099411,0.2463302742689848,0.17507553100585938
29,34.24782586097717,0.24520550668239594,0.2463302742689848,0.17507553100585938
