,trainning_time_consume(s),test_time_consume(s)
0,5.346001863479614,0.0009982585906982422
1,3.6735165119171143,0.0010001659393310547
2,4.713999509811401,0.0010001659393310547
3,5.702031373977661,0.0019989013671875
4,4.23199987411499,0.002000093460083008
5,4.677060842514038,0.0010023117065429688
# cuda