,trainning_time_consume(s),test_time_consume(s)
0,5.059571027755737,0.002001047134399414
1,5.7180023193359375,0.0019958019256591797
2,3.380012035369873,0.0009930133819580078
3,4.928009033203125,0.0010275840759277344
4,5.001999616622925,0.0029976367950439453
5,5.766028642654419,0.002997159957885742
# cuda