,trainning_time_consume(s),test_time_consume(s)
0,5.557276964187622,0.0010292530059814453
1,3.9179999828338623,0.00099945068359375
2,4.139972448348999,0.0010008811950683594
3,5.182729721069336,0.003004312515258789
4,3.795971393585205,0.0
5,4.450013637542725,0.000997781753540039
# cuda