,trainning_time_consume(s),test_time_consume(s)
0,3.7770538330078125,0.0009970664978027344
1,5.806999921798706,0.0019986629486083984
2,4.216632604598999,0.0009915828704833984
3,4.330971956253052,0.0019986629486083984
4,3.4610331058502197,0.0010023117065429688
5,4.914607048034668,0.0030024051666259766
# cuda