,trainning_time_consume(s),test_time_consume(s)
0,36.61659836769104,0.0229938030242919
1,25.157045602798465,0.0100016593933105
2,19.85205292701721,0.0149991512298583
3,21.16054081916809,0.0120027065277099
4,35.02660322189331,0.0189924240112304
5,15.65054988861084,0.0079982280731201
6,30.37154173851013,0.0150008201599121
7,53.380144119262695,0.0350039005279541
8,27.01905393600464,0.0119986534118652
9,47.03261923789978,0.0220007896423339
