,trainning_time_consume(s),test_time_consume(s),epochs
0,221.0431423187256,0.04099774360656738,1000
1,130.76956486701965,0.036000728607177734,1000
2,151.35028409957886,0.042999267578125,1000
3,186.1042959690094,0.050971269607543945,1000
# cuda