,trainning_time_consume(s),test_time_consume(s)
0,9.314581632614136,0.24252605438232422
1,8.63594651222229,0.2584054470062256
2,9.266508340835571,0.23418116569519043
3,11.767143487930298,0.33001089096069336
4,8.498827457427979,0.12390375137329102
5,3.1667256355285645,0.04925680160522461
6,8.86080288887024,0.18140625953674316
7,4.7791924476623535,0.06474018096923828
8,11.721793174743652,0.24560999870300293
9,11.708273649215698,0.277965784072876
