,trainning_time_consume(s),test_time_consume(s)
0,5.319316148757935,0.11308002471923828
1,5.046901226043701,0.14475655555725098
2,5.765408277511597,0.11651945114135742
3,8.267173051834106,0.17838239669799805
4,7.095458507537842,0.17140960693359375
5,4.7425854206085205,0.10771346092224121
6,4.366177320480347,0.11591506004333496
7,6.399953126907349,0.13304924964904785
8,6.2230987548828125,0.11339378356933594
9,4.8550825119018555,0.11122488975524902
