,trainning_time_consume(s),test_time_consume(s)
0,4.716999530792236,0.08900237083435059
1,1.9930016994476318,0.048002004623413086
2,4.041996955871582,0.07700133323669434
3,2.7049996852874756,0.047000885009765625
4,1.353999137878418,0.019001483917236328
5,4.9830002784729,0.07599997520446777
6,3.3030009269714355,0.07000184059143066
7,3.701000452041626,0.07699918746948242
8,4.219000577926636,0.08799934387207031
9,1.947000503540039,0.021999835968017578
