,trainning_time_consume(s),test_time_consume(s)
0,30.634777545928955,0.020991563796997
1,58.619770765304565,0.0279991626739501
2,37.99609613418579,0.0179994106292724
3,40.51460933685303,0.0230007171630859
4,29.735089540481567,0.0280003547668457
5,36.06262969970703,0.0220005512237548
6,41.20507550239563,0.031001329421997
7,28.980080127716064,0.0230021476745605
8,17.33705973625183,0.0150063037872314
9,52.50324535369873,0.0350012779235839
