,trainning_time_consume(s),test_time_consume(s)
0,51.04134798049927,0.0369985103607177
1,33.13007616996765,0.0230011940002441
2,48.19210338592529,0.0370001792907714
3,11.898534297943115,0.0069994926452636
4,48.22662425041199,0.0400002002716064
5,16.39253807067871,0.0080018043518066
6,90.21117997169496,0.0580000877380371
7,48.216612577438354,0.0299997329711914
8,42.68814992904663,0.0189990997314453
9,15.4240620136261,0.0090003013610839
