,trainning_time_consume(s),test_time_consume(s)
0,4.429947137832642,0.3067183494567871
1,3.4259753227233887,0.2322499752044677
2,4.431200981140137,0.304044246673584
3,3.4142305850982666,0.1414523124694824
4,4.487817525863648,0.3401486873626709
5,2.847599506378174,0.1642971038818359
6,3.2408692836761475,0.1612355709075927
7,3.316924571990967,0.2230558395385742
8,3.1281545162200928,0.2105050086975097
9,3.4283719062805176,0.194714069366455
