,trainning_time_consume(s),test_time_consume(s)
0,4.09473443031311,0.2912490367889404
1,3.042449712753296,0.1953132152557373
2,4.5865349769592285,0.2847323417663574
3,4.583979606628418,0.3334531784057617
4,3.072694540023804,0.1545791625976562
5,3.0857574939727783,0.2401573657989502
6,4.376667499542236,0.3259241580963135
7,2.2539188861846924,0.0925664901733398
8,2.9516823291778564,0.2356901168823242
9,3.743517398834229,0.308495283126831
