,trainning_time_consume(s),test_time_consume(s)
0,4.409700632095337,0.3928723335266113
1,4.998190641403198,0.4115784168243408
2,4.410118818283081,0.2654707431793213
3,5.049175024032593,0.4158897399902344
4,4.659753084182739,0.3506827354431152
5,4.737628221511841,0.2455263137817382
6,3.4360408782958984,0.2542314529418945
7,4.71508264541626,0.3514077663421631
8,4.360878467559815,0.3305552005767822
9,3.873228073120117,0.3716380596160888
