,trainning_time_consume(s),test_time_consume(s)
0,4.634837865829468,0.2803387641906738
1,5.551910400390625,0.325789213180542
2,5.5731635093688965,0.3407275676727295
3,2.8684511184692383,0.2009696960449218
4,3.741703510284424,0.2936305999755859
5,5.564939260482788,0.3624398708343506
6,5.450669527053833,0.231837511062622
7,5.939683198928833,0.3515439033508301
8,4.959354639053345,0.3318657875061035
9,5.338347434997559,0.3153750896453857
