,trainning_time_consume(s),test_time_consume(s)
0,2.948405504226685,0.1829383373260498
1,3.545630693435669,0.1710987091064453
2,2.3714966773986816,0.1311044692993164
3,3.697733402252197,0.2526204586029053
4,4.115614891052246,0.2901580333709717
5,4.203419923782349,0.300135850906372
6,4.36607027053833,0.2411284446716308
7,5.451589584350586,0.3995048999786377
8,4.652986526489258,0.2847616672515869
9,4.124826431274414,0.2906227111816406
