,trainning_time_consume(s),test_time_consume(s)
0,2.9893784523010254,0.2042653560638427
1,4.128454685211182,0.2433524131774902
2,3.822816848754883,0.2207922935485839
3,3.085505723953247,0.2052135467529297
4,4.34069037437439,0.2818942070007324
5,3.46390438079834,0.2001087665557861
6,4.809848546981812,0.3049583435058594
7,3.519395589828491,0.21844482421875
8,5.909805536270142,0.337475061416626
9,5.459417819976807,0.3422079086303711
