,trainning_time_consume(s),test_time_consume(s)
0,4.727065324783325,0.2773385047912597
1,2.7618167400360107,0.1976330280303955
2,4.120206356048584,0.2385251522064209
3,4.042892932891846,0.2473573684692382
4,4.036175012588501,0.31793212890625
5,4.131907939910889,0.3146297931671142
6,3.8783769607543945,0.311194896697998
7,4.117700576782227,0.3247854709625244
8,4.035701036453247,0.302497386932373
9,4.1554484367370605,0.3246235847473144
