,trainning_time_consume(s),test_time_consume(s)
0,5.873783111572266,0.4288251399993896
1,5.448342323303223,0.3833577632904053
2,5.167824983596802,0.3384864330291748
3,3.815500259399414,0.1888539791107177
4,5.151024341583252,0.334336519241333
5,4.942113399505615,0.3414421081542969
6,5.011613845825195,0.3571665287017822
7,5.262023210525513,0.3370542526245117
8,5.788662672042847,0.3460738658905029
9,4.8962953090667725,0.4007558822631836
