,trainning_time_consume(s),test_time_consume(s)
0,3.671308994293213,0.2563667297363281
1,4.133703470230103,0.3099229335784912
2,4.1451520919799805,0.2828469276428222
3,3.7843596935272217,0.3342397212982178
4,5.640658855438232,0.4095101356506347
5,5.06984543800354,0.4124305248260498
6,4.754448890686035,0.4056408405303955
7,5.371404409408569,0.387099027633667
8,3.108419418334961,0.2208294868469238
9,3.812986850738525,0.3204631805419922
