,trainning_time_consume(s),test_time_consume(s)
0,2.586507558822632,0.1399226188659668
1,2.8628275394439697,0.2207484245300293
2,3.955825805664064,0.2641868591308594
3,5.620737552642822,0.3069911003112793
4,3.9942564964294434,0.2126548290252685
5,5.714594841003418,0.3487746715545654
6,5.872673988342285,0.3593859672546386
7,3.2625153064727783,0.2038507461547851
8,4.9062416553497314,0.3052113056182861
9,6.298120975494385,0.3560609817504883
