,trainning_time_consume(s),test_time_consume(s)
0,4.29427433013916,0.2983663082122803
1,3.250586032867432,0.1419117450714111
2,3.230342149734497,0.1922435760498047
3,4.538981199264526,0.2299339771270752
4,2.833554267883301,0.1867451667785644
5,4.367031812667847,0.2509858608245849
6,4.128333568572998,0.2996928691864013
7,4.736185550689697,0.281092882156372
8,4.671512126922607,0.2923684120178222
9,4.6735944747924805,0.3086349964141845
