,trainning_time_consume(s),test_time_consume(s)
0,5.101988792419434,0.3388030529022217
1,3.2707581520080566,0.2292935848236084
2,5.012799263000488,0.3442771434783935
3,3.101844787597656,0.2156393527984619
4,3.716386556625366,0.2128686904907226
5,4.545670747756958,0.3032746315002441
6,5.351207733154297,0.3567180633544922
7,3.1794917583465576,0.1460304260253906
8,3.19991397857666,0.1888198852539062
9,3.193758487701416,0.1780574321746826
