,trainning_time_consume(s),test_time_consume(s)
0,2.566138505935669,0.2082071304321289
1,2.127098321914673,0.1495933532714843
2,2.334258556365967,0.1740076541900634
3,2.369937896728516,0.2011699676513672
4,3.4327709674835205,0.2551424503326416
5,5.14426589012146,0.3018193244934082
6,4.1070616245269775,0.2613058090209961
7,2.9040822982788086,0.1478090286254882
8,3.977295875549317,0.2400498390197754
9,5.28143310546875,0.2922978401184082
