,trainning_time_consume(s),test_time_consume(s)
0,3.9447989463806152,0.3212053775787353
1,3.220166683197021,0.1984286308288574
2,2.636849403381348,0.1785581111907959
3,4.0612969398498535,0.3105013370513916
4,3.279006004333496,0.1949405670166015
5,2.628631353378296,0.1723761558532714
6,4.3758766651153564,0.325068712234497
7,2.339761257171631,0.1225757598876953
8,2.402554035186768,0.1454780101776123
9,3.504852771759033,0.2762680053710937
