,trainning_time_consume(s),test_time_consume(s)
0,19.138561248779297,0.18803048133850098
1,20.857511520385742,0.2669997215270996
2,29.476508378982544,0.22300195693969727
3,18.701571941375732,0.20102977752685547
4,24.33051085472107,0.22702836990356445
5,25.25051522254944,0.21900057792663574
6,24.43351697921753,0.27500057220458984
7,26.473023176193237,0.21499919891357422
8,18.52350878715515,0.21100091934204102
9,23.702999353408813,0.18500447273254395
