,trainning_time_consume(s),test_time_consume(s)
0,25.22105050086975,0.3020298480987549
1,16.502002954483032,0.2970006465911865
2,17.350082397460938,0.19100236892700195
3,24.46655774116516,0.33500075340270996
4,34.882532596588135,0.27299952507019043
5,19.05153465270996,0.2650010585784912
6,34.0546600818634,0.2870001792907715
7,21.38905096054077,0.2680017948150635
8,9.347516298294067,0.10800004005432129
9,40.300689458847046,0.270000696182251
