,trainning_time_consume(s),train_loss_record,test_loss_record,test_time_consume(s)
0,6954.80450296402,3.571126699447632,0.06014880871899971,98.34974765777588
1,6954.80450296402,3.5340030193328857,0.06014880871899971,98.34974765777588
2,6954.80450296402,3.4612810611724854,0.06014880871899971,98.34974765777588
3,6954.80450296402,3.446695566177368,0.06014880871899971,98.34974765777588
4,6954.80450296402,3.3654229640960693,0.06014880871899971,98.34974765777588
5,6954.80450296402,3.4575088024139404,0.06014880871899971,98.34974765777588
6,6954.80450296402,3.443349599838257,0.06014880871899971,98.34974765777588
7,6954.80450296402,3.4300918579101562,0.06014880871899971,98.34974765777588
8,6954.80450296402,3.428651809692383,0.06014880871899971,98.34974765777588
9,6954.80450296402,3.4340531826019287,0.06014880871899971,98.34974765777588
10,6954.80450296402,3.3670156002044678,0.06014880871899971,98.34974765777588
11,6954.80450296402,3.404214859008789,0.06014880871899971,98.34974765777588
12,6954.80450296402,3.419917106628418,0.06014880871899971,98.34974765777588
13,6954.80450296402,3.361219882965088,0.06014880871899971,98.34974765777588
14,6954.80450296402,3.3870489597320557,0.06014880871899971,98.34974765777588
15,6954.80450296402,3.382843255996704,0.06014880871899971,98.34974765777588
16,6954.80450296402,3.386439085006714,0.06014880871899971,98.34974765777588
17,6954.80450296402,3.3851511478424072,0.06014880871899971,98.34974765777588
18,6954.80450296402,3.3838696479797363,0.06014880871899971,98.34974765777588
19,6954.80450296402,3.3594515323638916,0.06014880871899971,98.34974765777588
20,6954.80450296402,3.3702878952026367,0.06014880871899971,98.34974765777588
21,6954.80450296402,3.3825862407684326,0.06014880871899971,98.34974765777588
22,6954.80450296402,3.381776809692383,0.06014880871899971,98.34974765777588
23,6954.80450296402,3.371913194656372,0.06014880871899971,98.34974765777588
24,6954.80450296402,3.402493715286255,0.06014880871899971,98.34974765777588
25,6954.80450296402,3.38098406791687,0.06014880871899971,98.34974765777588
26,6954.80450296402,3.385371685028076,0.06014880871899971,98.34974765777588
27,6954.80450296402,3.38211989402771,0.06014880871899971,98.34974765777588
28,6954.80450296402,3.374952554702759,0.06014880871899971,98.34974765777588
29,6954.80450296402,3.3835084438323975,0.06014880871899971,98.34974765777588
