,trainning_time_consume(s),train_loss_record,test_loss_record,test_time_consume(s)
0,7130.406058549881,4.551616668701172,0.05987057353301746,101.77442955970764
1,7130.406058549881,4.553493022918701,0.05987057353301746,101.77442955970764
2,7130.406058549881,4.554747104644775,0.05987057353301746,101.77442955970764
3,7130.406058549881,4.556041717529297,0.05987057353301746,101.77442955970764
4,7130.406058549881,4.5568623542785645,0.05987057353301746,101.77442955970764
5,7130.406058549881,4.557453632354736,0.05987057353301746,101.77442955970764
6,7130.406058549881,4.557705402374268,0.05987057353301746,101.77442955970764
7,7130.406058549881,4.558140277862549,0.05987057353301746,101.77442955970764
8,7130.406058549881,4.5578484535217285,0.05987057353301746,101.77442955970764
9,7130.406058549881,4.5569329261779785,0.05987057353301746,101.77442955970764
10,7130.406058549881,4.557072162628174,0.05987057353301746,101.77442955970764
11,7130.406058549881,4.5572509765625,0.05987057353301746,101.77442955970764
12,7130.406058549881,4.556288719177246,0.05987057353301746,101.77442955970764
13,7130.406058549881,4.556294918060303,0.05987057353301746,101.77442955970764
14,7130.406058549881,4.555744647979736,0.05987057353301746,101.77442955970764
15,7130.406058549881,4.555678844451904,0.05987057353301746,101.77442955970764
16,7130.406058549881,4.555655002593994,0.05987057353301746,101.77442955970764
17,7130.406058549881,4.555575370788574,0.05987057353301746,101.77442955970764
18,7130.406058549881,4.555537223815918,0.05987057353301746,101.77442955970764
19,7130.406058549881,4.555526256561279,0.05987057353301746,101.77442955970764
20,7130.406058549881,4.555520057678223,0.05987057353301746,101.77442955970764
21,7130.406058549881,4.555519104003906,0.05987057353301746,101.77442955970764
22,7130.406058549881,4.555522918701172,0.05987057353301746,101.77442955970764
23,7130.406058549881,4.555538177490234,0.05987057353301746,101.77442955970764
24,7130.406058549881,4.555324077606201,0.05987057353301746,101.77442955970764
25,7130.406058549881,4.555286407470703,0.05987057353301746,101.77442955970764
26,7130.406058549881,4.555169582366943,0.05987057353301746,101.77442955970764
27,7130.406058549881,4.555160045623779,0.05987057353301746,101.77442955970764
28,7130.406058549881,4.555135726928711,0.05987057353301746,101.77442955970764
29,7130.406058549881,4.555095195770264,0.05987057353301746,101.77442955970764
