,trainning_time_consume(s),train_loss_record,test_loss_record,test_time_consume(s)
0,5967.909901380539,5.280223846435547,0.06449436280512955,85.84726142883301
1,5967.909901380539,5.226675987243652,0.06449436280512955,85.84726142883301
2,5967.909901380539,5.348830699920654,0.06449436280512955,85.84726142883301
3,5967.909901380539,5.3528151512146,0.06449436280512955,85.84726142883301
4,5967.909901380539,5.206174373626709,0.06449436280512955,85.84726142883301
5,5967.909901380539,5.298086643218994,0.06449436280512955,85.84726142883301
6,5967.909901380539,5.159324645996094,0.06449436280512955,85.84726142883301
7,5967.909901380539,5.256302356719971,0.06449436280512955,85.84726142883301
8,5967.909901380539,5.301157474517822,0.06449436280512955,85.84726142883301
9,5967.909901380539,5.294622898101807,0.06449436280512955,85.84726142883301
10,5967.909901380539,5.254550457000732,0.06449436280512955,85.84726142883301
11,5967.909901380539,5.287529945373535,0.06449436280512955,85.84726142883301
12,5967.909901380539,5.337466716766357,0.06449436280512955,85.84726142883301
13,5967.909901380539,5.132739543914795,0.06449436280512955,85.84726142883301
14,5967.909901380539,5.146841049194336,0.06449436280512955,85.84726142883301
15,5967.909901380539,5.320488452911377,0.06449436280512955,85.84726142883301
16,5967.909901380539,5.186054229736328,0.06449436280512955,85.84726142883301
17,5967.909901380539,5.170809268951416,0.06449436280512955,85.84726142883301
18,5967.909901380539,5.23151159286499,0.06449436280512955,85.84726142883301
19,5967.909901380539,5.248844146728516,0.06449436280512955,85.84726142883301
20,5967.909901380539,5.192078590393066,0.06449436280512955,85.84726142883301
21,5967.909901380539,5.267586708068848,0.06449436280512955,85.84726142883301
22,5967.909901380539,5.228207111358643,0.06449436280512955,85.84726142883301
23,5967.909901380539,5.28150749206543,0.06449436280512955,85.84726142883301
24,5967.909901380539,5.1942057609558105,0.06449436280512955,85.84726142883301
25,5967.909901380539,5.250443458557129,0.06449436280512955,85.84726142883301
26,5967.909901380539,5.231430530548096,0.06449436280512955,85.84726142883301
27,5967.909901380539,5.243811130523682,0.06449436280512955,85.84726142883301
28,5967.909901380539,5.203909873962402,0.06449436280512955,85.84726142883301
29,5967.909901380539,5.224557876586914,0.06449436280512955,85.84726142883301
