,trainning_time_consume(s),train_loss_record,test_loss_record,test_time_consume(s)
0,3510.9367666244507,5.630570411682129,0.05937612825518201,45.97473978996277
1,3510.9367666244507,5.384108066558838,0.05937612825518201,45.97473978996277
2,3510.9367666244507,5.528559684753418,0.05937612825518201,45.97473978996277
3,3510.9367666244507,5.4597487449646,0.05937612825518201,45.97473978996277
4,3510.9367666244507,5.320875644683838,0.05937612825518201,45.97473978996277
5,3510.9367666244507,5.286911487579346,0.05937612825518201,45.97473978996277
6,3510.9367666244507,5.289405822753906,0.05937612825518201,45.97473978996277
7,3510.9367666244507,5.084287166595459,0.05937612825518201,45.97473978996277
8,3510.9367666244507,5.114795207977295,0.05937612825518201,45.97473978996277
9,3510.9367666244507,5.202836513519287,0.05937612825518201,45.97473978996277
10,3510.9367666244507,5.300860404968262,0.05937612825518201,45.97473978996277
11,3510.9367666244507,5.246772766113281,0.05937612825518201,45.97473978996277
12,3510.9367666244507,5.296290397644043,0.05937612825518201,45.97473978996277
13,3510.9367666244507,5.251387119293213,0.05937612825518201,45.97473978996277
14,3510.9367666244507,5.197778224945068,0.05937612825518201,45.97473978996277
15,3510.9367666244507,5.221049785614014,0.05937612825518201,45.97473978996277
16,3510.9367666244507,5.202749252319336,0.05937612825518201,45.97473978996277
17,3510.9367666244507,5.1774678230285645,0.05937612825518201,45.97473978996277
18,3510.9367666244507,5.185154914855957,0.05937612825518201,45.97473978996277
19,3510.9367666244507,5.2147536277771,0.05937612825518201,45.97473978996277
20,3510.9367666244507,5.204194068908691,0.05937612825518201,45.97473978996277
21,3510.9367666244507,5.18058443069458,0.05937612825518201,45.97473978996277
22,3510.9367666244507,5.1804914474487305,0.05937612825518201,45.97473978996277
23,3510.9367666244507,5.238694190979004,0.05937612825518201,45.97473978996277
24,3510.9367666244507,5.2058844566345215,0.05937612825518201,45.97473978996277
25,3510.9367666244507,5.228560924530029,0.05937612825518201,45.97473978996277
26,3510.9367666244507,5.215596675872803,0.05937612825518201,45.97473978996277
27,3510.9367666244507,5.209984302520752,0.05937612825518201,45.97473978996277
28,3510.9367666244507,5.195565223693848,0.05937612825518201,45.97473978996277
29,3510.9367666244507,5.212954044342041,0.05937612825518201,45.97473978996277
