,trainning_time_consume(s),test_time_consume(s)
0,40.760507583618164,0.34000229835510254
1,28.506019592285156,0.27499866485595703
2,33.08404350280762,0.28250694274902344
3,48.65768265724182,0.33099985122680664
4,43.245017290115356,0.2890002727508545
5,42.88157033920288,0.31399965286254883
6,30.633198261260986,0.2895529270172119
7,29.018133401870728,0.18400025367736816
8,38.6990008354187,0.299999475479126
9,46.30722665786743,0.2190253734588623
