,trainning_time_consume(s),test_time_consume(s),epochs
0,7299.031590223312,16.173022747039795,100
1,24303.30104160309,64.6581506729126,100
2,6279.386865854263,15.815083265304564,100
3,39546.75814914704,112.54805183410645,100
# cpu