,trainning_time_consume(s),test_time_consume(s)
0,28.968085765838623,0.4667177200317383
1,59.75082087516785,0.6727533340454102
2,53.202805042266846,0.5746760368347168
3,28.94263195991516,0.3542945384979248
4,29.79407525062561,0.47132015228271484
5,38.15380024909973,0.5396125316619873
6,17.839457988739014,0.3581538200378418
7,13.429251670837402,0.2745375633239746
8,29.759144067764282,0.46457719802856445
9,24.064080238342285,0.4467313289642334
