,trainning_time_consume(s),test_time_consume(s)
0,12.23663330078125,0.12700176239013672
1,27.239227056503296,0.25502657890319824
2,19.376251220703125,0.22350835800170898
3,19.23218536376953,0.1959993839263916
4,31.194133043289185,0.3080024719238281
5,12.746000528335571,0.1249995231628418
6,23.273599863052368,0.26203322410583496
7,22.447999954223633,0.2600250244140625
8,28.316075325012207,0.26200199127197266
9,26.090102195739746,0.3190000057220459
