,trainning_time_consume(s),test_time_consume(s)
0,56.40700888633728,0.5313515663146973
1,35.364343881607056,0.48946309089660645
2,54.97669696807861,0.5687618255615234
3,38.89009141921997,0.4532139301300049
4,34.53675174713135,0.4374094009399414
5,26.578511953353882,0.3346285820007324
6,16.217225074768066,0.21477222442626953
7,33.83063983917236,0.37880611419677734
8,38.82266592979431,0.5491430759429932
9,28.296622276306152,0.4105372428894043
