,trainning_time_consume(s),test_time_consume(s)
0,25.20242714881897,0.358081579208374
1,19.632777214050293,0.36945152282714844
2,37.34306049346924,0.4273359775543213
3,24.57928705215454,0.4196786880493164
4,20.371392965316772,0.30730772018432617
5,28.109055995941162,0.45014357566833496
6,34.901774883270264,0.3548424243927002
7,34.587597131729126,0.37245702743530273
8,30.948444604873657,0.40833234786987305
9,11.213326215744019,0.20701885223388672
