,trainning_time_consume(s),test_time_consume(s)
0,12.067537307739258,0.17200255393981934
1,17.143999814987183,0.2250359058380127
2,31.351027488708496,0.24599790573120117
3,34.71253848075867,0.21102499961853027
4,26.615509033203125,0.24399924278259277
5,26.8510000705719,0.29199957847595215
6,13.257515668869019,0.11300396919250488
7,17.466516733169556,0.1810007095336914
8,35.51723337173462,0.2500309944152832
9,24.74402618408203,0.24700045585632324
