,trainning_time_consume(s),test_time_consume(s)
0,17.085511684417725,0.13100051879882812
1,13.357516050338745,0.1190025806427002
2,19.87600016593933,0.15803003311157227
3,16.340110301971436,0.17800211906433105
4,31.255147695541382,0.2330307960510254
5,18.4590003490448,0.1919996738433838
6,15.869576930999756,0.2330005168914795
7,32.370540142059326,0.21400022506713867
8,27.829000234603882,0.2820003032684326
9,13.208001136779785,0.14600133895874023
