,trainning_time_consume(s),test_time_consume(s)
0,47.86715316772461,1.027761697769165
1,52.85175657272339,0.5661606788635254
2,25.061673164367676,0.2990834712982178
3,51.95139288902283,0.7337417602539062
4,55.992247104644775,0.6666567325592041
5,60.62170648574829,0.7286272048950195
6,52.01014709472656,0.7003793716430664
7,55.95745539665222,0.6706192493438721
8,27.528643131256104,0.40134763717651367
9,39.64906930923462,0.5110745429992676
