,trainning_time_consume(s),test_time_consume(s)
0,56.99102759361267,0.6065273284912109
1,27.15328049659729,0.5134270191192627
2,25.57067084312439,0.6395828723907471
3,30.697584867477417,0.5161223411560059
4,27.210169792175293,0.5686154365539551
5,36.48267889022827,0.5431525707244873
6,21.92901849746704,0.296875
7,13.146756649017334,0.2536454200744629
8,36.88337016105652,0.516775369644165
9,24.092097282409668,0.41936326026916504
