,trainning_time_consume(s),test_time_consume(s)
0,32.018994092941284,0.4855964183807373
1,17.202704191207886,0.22165465354919434
2,31.284496307373047,0.5223057270050049
3,38.07302498817444,0.5641641616821289
4,30.181066751480103,0.45344996452331543
5,38.736656665802,0.464583158493042
6,31.912957429885864,0.5259132385253906
7,33.842058181762695,0.38843488693237305
8,31.90534543991089,0.5012550354003906
9,34.894001483917236,0.4537084102630615
