,trainning_time_consume(s),test_time_consume(s)
0,11.903000354766846,0.125
1,18.34153437614441,0.13599944114685059
2,20.418999671936035,0.2030010223388672
3,10.405025959014893,0.09402966499328613
4,17.388540029525757,0.1940000057220459
5,27.589000701904297,0.18900203704833984
6,30.53700065612793,0.22100067138671875
7,16.879000902175903,0.19800305366516113
8,24.798998594284058,0.20800089836120605
9,20.816014528274536,0.22299909591674805
