,trainning_time_consume(s),test_time_consume(s)
0,28.052821159362793,0.4219346046447754
1,53.43070721626282,0.6162300109863281
2,46.34255003929138,0.5545165538787842
3,53.51649045944214,0.6094732284545898
4,27.175241708755493,0.25906991958618164
5,44.67149567604065,0.46910929679870605
6,19.97629189491272,0.3450932502746582
7,29.995219707489014,0.49088573455810547
8,19.560738801956177,0.27112841606140137
9,21.49602484703064,0.33992934226989746
