,trainning_time_consume(s),test_time_consume(s)
0,20.09796929359436,0.22300314903259277
1,28.049997329711914,0.2670326232910156
2,27.930564403533936,0.2800002098083496
3,29.96659827232361,0.2239987850189209
4,33.99900007247925,0.24403047561645508
5,24.496999740600586,0.1920299530029297
6,32.1290009021759,0.21399950981140137
7,19.06899929046631,0.2360384464263916
8,15.383013486862183,0.1569993495941162
9,30.13508915901184,0.233001708984375
