,trainning_time_consume(s),test_time_consume(s)
0,54.80814599990845,0.0319974422454834
1,14.70201563835144,0.0130009651184082
2,26.254059314727783,0.016998291015625
3,44.743568658828735,0.0189990997314453
4,33.692543745040894,0.0150039196014404
5,29.82056212425232,0.0300004482269287
6,26.068552255630493,0.0129961967468261
7,57.12056303024292,0.029001235961914
8,27.328545093536377,0.0179975032806396
9,24.750538110733032,0.0139968395233154
