,trainning_time_consume(s),test_time_consume(s)
0,48.92115592956543,0.0339980125427246
1,41.0361008644104,0.0219988822937011
2,31.3800528049469,0.0289995670318603
3,59.84913659095764,0.0269989967346191
4,14.392539262771606,0.0110003948211669
5,24.433040618896484,0.0169959068298339
6,49.69473576545715,0.0320000648498535
7,50.25301194190979,0.0380001068115234
8,39.18382906913757,0.0239989757537841
9,62.92817378044128,0.0330004692077636
