,trainning_time_consume(s),test_time_consume(s)
0,31.57057213783264,0.0279960632324218
1,34.20907473564148,0.0210003852844238
2,67.73369598388672,0.0510001182556152
3,36.89260983467102,0.0189974308013916
4,32.410088777542114,0.0190017223358154
5,13.800025224685667,0.0100023746490478
6,28.437586069107056,0.0170018672943115
7,45.3075852394104,0.0230000019073486
8,55.02612113952637,0.0239989757537841
9,51.417118310928345,0.0229973793029785
