,trainning_time_consume(s),test_time_consume(s)
0,28.420997381210327,0.3150014877319336
1,34.095099449157715,0.2690317630767822
2,16.278997659683228,0.1940016746520996
3,45.705076456069946,0.33100318908691406
4,18.858997344970703,0.16200041770935059
5,29.88599944114685,0.2050004005432129
6,44.911603689193726,0.29200005531311035
7,31.275042057037354,0.2780005931854248
8,26.756559371948242,0.2709999084472656
9,37.842023849487305,0.3320021629333496
