,trainning_time_consume(s),test_time_consume(s)
0,32.78815269470215,0.4673745632171631
1,35.90134072303772,0.38237643241882324
2,33.876787185668945,0.515516996383667
3,38.8556432723999,0.43511176109313965
4,29.95770764350891,0.4264497756958008
5,31.67192530632019,0.3424830436706543
6,64.02092146873474,0.6559531688690186
7,66.49821352958679,0.72894287109375
8,44.6964430809021,0.4739258289337158
9,66.86990141868591,0.7381606101989746
