,trainning_time_consume(s),test_time_consume(s)
0,37.91256499290466,0.5427467823028564
1,55.24632287025452,0.5949416160583496
2,45.378769636154175,0.543997049331665
3,42.85103917121887,0.5177628993988037
4,57.88219237327576,0.8372941017150879
5,56.02321147918701,1.2139735221862793
6,75.71005177497864,0.6102321147918701
7,76.51324796676636,0.6747920513153076
8,36.70982360839844,0.45854926109313965
9,46.50724411010742,0.7255814075469971
