,trainning_time_consume(s),test_time_consume(s)
0,65.96696019172668,0.6099786758422852
1,60.43338942527771,0.7023894786834717
2,51.24570441246033,0.3928811550140381
3,43.483752727508545,0.46732354164123535
4,32.8608877658844,0.5027048587799072
5,39.55121994018555,0.5453393459320068
6,38.71763825416565,0.4220702648162842
7,29.600553512573242,0.5346872806549072
8,47.3862578868866,0.5522315502166748
9,34.11784362792969,0.5817034244537354
