,trainning_time_consume(s),test_time_consume(s)
0,71.98643374443054,0.9627435207366943
1,53.91788291931152,0.7510294914245605
2,60.78873348236084,0.6627175807952881
3,48.88755941390991,0.6774635314941406
4,75.59377980232239,0.8605692386627197
5,59.625168800354004,1.0248596668243408
6,67.36503863334656,1.0121219158172607
7,54.77564477920532,0.9567532539367676
8,45.92373514175415,0.7372410297393799
9,43.84481072425842,0.7481536865234375
