,trainning_time_consume(s),test_time_consume(s)
0,32.03067636489868,0.3410027027130127
1,39.4595627784729,0.39200425148010254
2,18.725030660629272,0.22100043296813965
3,45.44252824783325,0.3530290126800537
4,24.98859739303589,0.21303009986877441
5,24.637508392333984,0.3080000877380371
6,39.588083028793335,0.24499964714050293
7,40.02862548828125,0.34799957275390625
8,29.82155680656433,0.2839999198913574
9,23.853517293930054,0.2545359134674072
