,trainning_time_consume(s),test_time_consume(s)
0,25.904038906097412,0.2090315818786621
1,31.5500910282135,0.17802858352661133
2,25.99362015724182,0.26399946212768555
3,37.19711375236511,0.24300050735473633
4,25.986092567443848,0.1880025863647461
5,28.44353175163269,0.24000000953674316
6,41.556047677993774,0.2610290050506592
7,31.715506315231323,0.19402790069580078
8,18.62100100517273,0.24202942848205566
9,37.12204933166504,0.2570011615753174
