,trainning_time_consume(s),train_loss_record,test_loss_record,test_time_consume(s)
0,2831.5934731960297,5.493575572967529,0.1348225793261437,35.25920081138611
1,2831.5934731960297,5.478103160858154,0.1348225793261437,35.25920081138611
2,2831.5934731960297,5.465184688568115,0.1348225793261437,35.25920081138611
3,2831.5934731960297,5.459353446960449,0.1348225793261437,35.25920081138611
4,2831.5934731960297,5.4545769691467285,0.1348225793261437,35.25920081138611
5,2831.5934731960297,5.447384834289551,0.1348225793261437,35.25920081138611
6,2831.5934731960297,5.439631938934326,0.1348225793261437,35.25920081138611
7,2831.5934731960297,5.433740139007568,0.1348225793261437,35.25920081138611
8,2831.5934731960297,5.43083381652832,0.1348225793261437,35.25920081138611
9,2831.5934731960297,5.430695056915283,0.1348225793261437,35.25920081138611
10,2831.5934731960297,5.432430267333984,0.1348225793261437,35.25920081138611
11,2831.5934731960297,5.434540271759033,0.1348225793261437,35.25920081138611
12,2831.5934731960297,5.43632698059082,0.1348225793261437,35.25920081138611
13,2831.5934731960297,5.437489032745361,0.1348225793261437,35.25920081138611
14,2831.5934731960297,5.438039302825928,0.1348225793261437,35.25920081138611
15,2831.5934731960297,5.438267707824707,0.1348225793261437,35.25920081138611
16,2831.5934731960297,5.438546657562256,0.1348225793261437,35.25920081138611
17,2831.5934731960297,5.439579963684082,0.1348225793261437,35.25920081138611
18,2831.5934731960297,5.439929008483887,0.1348225793261437,35.25920081138611
19,2831.5934731960297,5.440033435821533,0.1348225793261437,35.25920081138611
20,2831.5934731960297,5.440083980560303,0.1348225793261437,35.25920081138611
21,2831.5934731960297,5.4401164054870605,0.1348225793261437,35.25920081138611
22,2831.5934731960297,5.44013786315918,0.1348225793261437,35.25920081138611
23,2831.5934731960297,5.440152168273926,0.1348225793261437,35.25920081138611
24,2831.5934731960297,5.440163612365723,0.1348225793261437,35.25920081138611
25,2831.5934731960297,5.440171241760254,0.1348225793261437,35.25920081138611
26,2831.5934731960297,5.440176963806152,0.1348225793261437,35.25920081138611
27,2831.5934731960297,5.440180778503418,0.1348225793261437,35.25920081138611
28,2831.5934731960297,5.440184116363525,0.1348225793261437,35.25920081138611
29,2831.5934731960297,5.440186977386475,0.1348225793261437,35.25920081138611
