,trainning_time_consume(s),train_loss_record,test_loss_record,test_time_consume(s)
0,2731.8861150741577,9.077392578125,0.14405473962331275,37.556211709976196
1,2731.8861150741577,9.10916519165039,0.14405473962331275,37.556211709976196
2,2731.8861150741577,9.105058670043945,0.14405473962331275,37.556211709976196
3,2731.8861150741577,9.084650993347168,0.14405473962331275,37.556211709976196
4,2731.8861150741577,9.076980590820312,0.14405473962331275,37.556211709976196
5,2731.8861150741577,9.071464538574219,0.14405473962331275,37.556211709976196
6,2731.8861150741577,9.066967010498047,0.14405473962331275,37.556211709976196
7,2731.8861150741577,9.063566207885742,0.14405473962331275,37.556211709976196
8,2731.8861150741577,9.061222076416016,0.14405473962331275,37.556211709976196
9,2731.8861150741577,9.059659957885742,0.14405473962331275,37.556211709976196
10,2731.8861150741577,9.058764457702637,0.14405473962331275,37.556211709976196
11,2731.8861150741577,9.058940887451172,0.14405473962331275,37.556211709976196
12,2731.8861150741577,9.059202194213867,0.14405473962331275,37.556211709976196
13,2731.8861150741577,9.059356689453125,0.14405473962331275,37.556211709976196
14,2731.8861150741577,9.059452056884766,0.14405473962331275,37.556211709976196
15,2731.8861150741577,9.059521675109863,0.14405473962331275,37.556211709976196
16,2731.8861150741577,9.059577941894531,0.14405473962331275,37.556211709976196
17,2731.8861150741577,9.059622764587402,0.14405473962331275,37.556211709976196
18,2731.8861150741577,9.059663772583008,0.14405473962331275,37.556211709976196
19,2731.8861150741577,9.059697151184082,0.14405473962331275,37.556211709976196
20,2731.8861150741577,9.059725761413574,0.14405473962331275,37.556211709976196
21,2731.8861150741577,9.059751510620117,0.14405473962331275,37.556211709976196
22,2731.8861150741577,9.059772491455078,0.14405473962331275,37.556211709976196
23,2731.8861150741577,9.059789657592773,0.14405473962331275,37.556211709976196
24,2731.8861150741577,9.059804916381836,0.14405473962331275,37.556211709976196
25,2731.8861150741577,9.059816360473633,0.14405473962331275,37.556211709976196
26,2731.8861150741577,9.059825897216797,0.14405473962331275,37.556211709976196
27,2731.8861150741577,9.059834480285645,0.14405473962331275,37.556211709976196
28,2731.8861150741577,9.059843063354492,0.14405473962331275,37.556211709976196
29,2731.8861150741577,9.059845924377441,0.14405473962331275,37.556211709976196
