,trainning_time_consume(s),train_loss_record,test_loss_record,test_time_consume(s)
0,4209.812921762466,6.912147045135498,0.08661132276509748,56.98378038406372
1,4209.812921762466,6.664117336273193,0.08661132276509748,56.98378038406372
2,4209.812921762466,6.458435535430908,0.08661132276509748,56.98378038406372
3,4209.812921762466,6.528359889984131,0.08661132276509748,56.98378038406372
4,4209.812921762466,6.35935115814209,0.08661132276509748,56.98378038406372
5,4209.812921762466,6.476308345794678,0.08661132276509748,56.98378038406372
6,4209.812921762466,6.455002307891846,0.08661132276509748,56.98378038406372
7,4209.812921762466,6.316988945007324,0.08661132276509748,56.98378038406372
8,4209.812921762466,6.384849548339844,0.08661132276509748,56.98378038406372
9,4209.812921762466,6.379000663757324,0.08661132276509748,56.98378038406372
10,4209.812921762466,6.315824031829834,0.08661132276509748,56.98378038406372
11,4209.812921762466,6.294727802276611,0.08661132276509748,56.98378038406372
12,4209.812921762466,6.334619045257568,0.08661132276509748,56.98378038406372
13,4209.812921762466,6.29831600189209,0.08661132276509748,56.98378038406372
14,4209.812921762466,6.350736618041992,0.08661132276509748,56.98378038406372
15,4209.812921762466,6.365703582763672,0.08661132276509748,56.98378038406372
16,4209.812921762466,6.2800984382629395,0.08661132276509748,56.98378038406372
17,4209.812921762466,6.411927700042725,0.08661132276509748,56.98378038406372
18,4209.812921762466,6.293919086456299,0.08661132276509748,56.98378038406372
19,4209.812921762466,6.399160385131836,0.08661132276509748,56.98378038406372
20,4209.812921762466,6.383012771606445,0.08661132276509748,56.98378038406372
21,4209.812921762466,6.3667497634887695,0.08661132276509748,56.98378038406372
22,4209.812921762466,6.327328681945801,0.08661132276509748,56.98378038406372
23,4209.812921762466,6.347726345062256,0.08661132276509748,56.98378038406372
24,4209.812921762466,6.3322248458862305,0.08661132276509748,56.98378038406372
25,4209.812921762466,6.380760192871094,0.08661132276509748,56.98378038406372
26,4209.812921762466,6.370330810546875,0.08661132276509748,56.98378038406372
27,4209.812921762466,6.321210861206055,0.08661132276509748,56.98378038406372
28,4209.812921762466,6.3336052894592285,0.08661132276509748,56.98378038406372
29,4209.812921762466,6.332617282867432,0.08661132276509748,56.98378038406372
