,target,params
0,-0.10428946884348989,"{'Nodes_per_layer': 181.07112475387387, 'deepth': 5.064267884697413}"
1,-0.10465082759037614,"{'Nodes_per_layer': 479.32590223313025, 'deepth': 4.72869792716903}"
2,-0.10888837184756994,"{'Nodes_per_layer': 941.8503510320152, 'deepth': 2.2315984578393726}"
3,-0.10467565385624766,"{'Nodes_per_layer': 852.6605297476601, 'deepth': 5.376298599935662}"
4,-0.10481900628656149,"{'Nodes_per_layer': 824.1033968390701, 'deepth': 5.864816443925996}"
5,-0.10484728636220098,"{'Nodes_per_layer': 182.45599333687127, 'deepth': 5.839738650356843}"
# cuda