,target,params
0,-0.08649433823302388,"{'Nodes_per_layer': 545.9022536918977, 'deepth': 4.8602542804321684}"
1,-0.08680947124958038,"{'Nodes_per_layer': 221.91914446223294, 'deepth': 5.809314001317821}"
2,-0.08684596605598927,"{'Nodes_per_layer': 355.4582813258555, 'deepth': 5.896154304139441}"
3,-0.09549313737079501,"{'Nodes_per_layer': 804.1097425067602, 'deepth': 3.1945687806370944}"
4,-0.08667810168117285,"{'Nodes_per_layer': 522.8042779825257, 'deepth': 4.589506397019026}"
5,-0.08762486837804317,"{'Nodes_per_layer': 549.8327381248769, 'deepth': 5.592403884425062}"
# cuda