,target,params
0,-0.0016386749921366572,"{'gamma': 1.038619082164847, 'n_a': 163.71407254182242, 'n_d': 59.915873597941285, 'n_steps': 4.589170280409954}"
1,-0.0013276819372549653,"{'gamma': 1.530007934148922, 'n_a': 374.92687484713764, 'n_d': 80.75568035312975, 'n_steps': 3.510459512972429}"
2,-0.0017346296226605773,"{'gamma': 1.2001232921172782, 'n_a': 142.69792590394343, 'n_d': 83.03777933344593, 'n_steps': 1.9055931508363586}"
3,-0.0016131028532981873,"{'gamma': 1.9103376783089185, 'n_a': 320.58296945402566, 'n_d': 34.11163679378687, 'n_steps': 4.977679079241593}"
# cuda