,trainning_time_consume(s),test_time_consume(s)
0,2.1660258769989014,0.0009996891021728516
1,2.155001640319824,0.0009992122650146484
2,1.889991283416748,0.0010004043579101562
3,2.522000312805176,0.0010004043579101562
4,1.7199997901916504,0.0
5,1.9130303859710693,0.0010023117065429688
# cuda