,trainning_time_consume(s),test_time_consume(s)
0,2.9350061416625977,0.0010018348693847656
1,1.8419711589813232,0.00099945068359375
2,2.4869728088378906,0.0009961128234863281
3,2.191002607345581,0.001974821090698242
4,2.8270010948181152,0.001997709274291992
5,2.5260047912597656,0.001993894577026367
# cuda