,trainning_time_consume(s),test_time_consume(s)
0,2.2760274410247803,0.00099945068359375
1,2.159029722213745,0.0009999275207519531
2,1.8110029697418213,0.0009980201721191406
3,1.8279969692230225,0.001007080078125
4,1.746999740600586,0.0010004043579101562
5,2.146998405456543,0.0010001659393310547
# cuda