,trainning_time_consume(s),test_time_consume(s)
0,2.696603775024414,0.0010113716125488281
1,2.7520337104797363,0.001004934310913086
2,2.9250152111053467,0.0019998550415039062
3,2.4810051918029785,0.0010051727294921875
4,2.1599972248077393,0.0009965896606445312
5,2.388031244277954,0.0009982585906982422
# cuda