,trainning_time_consume(s),test_time_consume(s)
0,2.4930295944213867,0.0019991397857666016
1,2.9460198879241943,0.0009975433349609375
2,2.1560282707214355,0.0009989738464355469
3,2.396000385284424,0.0010104179382324219
4,2.134002923965454,0.0
5,2.7660346031188965,0.0009984970092773438
# cuda