,trainning_time_consume(s),test_time_consume(s)
0,3.0040299892425537,0.001004934310913086
1,2.4020028114318848,0.001001119613647461
2,1.8440022468566895,0.0010025501251220703
3,2.153000593185425,0.0010018348693847656
4,1.9799702167510986,0.001001119613647461
5,2.5850539207458496,0.0010001659393310547
# cuda