,train_time,test_time
0,1.983374834060669,0.19158601760864258
1,2.156437397003174,0.19739079475402832
2,2.512542247772217,0.24074959754943848
3,2.1059529781341553,0.25327587127685547
4,1.863847017288208,0.22091078758239746
5,2.0100901126861572,0.223435640335083
6,2.2415337562561035,0.24307727813720703
7,2.2552499771118164,0.22378087043762207
8,1.962127685546875,0.18444037437438965
9,3.2365989685058594,0.21324777603149414
