,train_time,test_time
0,3.7272510528564453,0.2694733142852783
1,3.788952350616455,0.23116183280944824
2,2.8063106536865234,0.2264080047607422
3,2.5606610774993896,0.17289972305297852
4,1.891209602355957,0.1438918113708496
5,3.0404365062713623,0.22350406646728516
6,3.17383074760437,0.24210286140441895
7,3.557239294052124,0.25203609466552734
8,3.6850478649139404,0.2805173397064209
9,3.620239734649658,0.23632192611694336
