,train_time,test_time
0,2.487726926803589,0.24100780487060547
1,2.5430655479431152,0.2775261402130127
2,2.1723105907440186,0.19319462776184082
3,1.8766076564788818,0.17108154296875
4,2.2351419925689697,0.23459243774414062
5,1.7666428089141846,0.1645338535308838
6,1.7568764686584473,0.172410249710083
7,1.799001932144165,0.11760282516479492
8,2.4111721515655518,0.21639561653137207
9,1.5593857765197754,0.15854859352111816
