,train_time,test_time
0,2.2696805000305176,0.2641615867614746
1,1.9133386611938477,0.2474822998046875
2,1.4031167030334473,0.1751711368560791
3,2.3030331134796143,0.25754404067993164
4,2.9562315940856934,0.24817323684692383
5,3.033240795135498,0.23882055282592773
6,2.8659141063690186,0.21821093559265137
7,2.616396188735962,0.2640419006347656
8,2.935755491256714,0.22790026664733887
9,2.833773136138916,0.24872708320617676
