,trainning_time_consume(s),test_time_consume(s)
0,2.370610237121582,0.1661157608032226
1,2.3956234455108643,0.1483168601989746
2,2.639099359512329,0.1315875053405761
3,2.6798412799835205,0.1803305149078369
4,2.0328335762023926,0.1424908638000488
5,2.4835543632507324,0.1571810245513916
6,2.3201770782470703,0.1548311710357666
7,2.2537999153137207,0.1520147323608398
8,2.104384183883667,0.1285731792449951
9,1.5608060359954834,0.0720307826995849
