,trainning_time_consume(s),test_time_consume(s)
0,2.220413446,0.1973598
1,1.819007397,0.154569387
2,2.153035402,0.117332697
3,1.607393742,0.065197945
4,1.983850002,0.13878727
5,2.641140461,0.184492826
6,2.60243845,0.155295372
7,2.383996248,0.171144962
8,2.615077257,0.157403708
9,1.978262424,0.143993616
