,trainning_time_consume(s),test_time_consume(s)
0,2.245378255844116,0.1633541584014892
1,1.5366837978363037,0.074012279510498
2,1.2143738269805908,0.0593066215515136
3,1.610231876373291,0.0910723209381103
4,1.3998632431030271,0.0819544792175293
5,1.36767840385437,0.0758507251739502
6,1.4340574741363523,0.0977773666381836
7,1.3115482330322266,0.0934553146362304
8,1.2591841220855713,0.0819382667541503
9,1.2727952003479004,0.0680422782897949
