,trainning_time_consume(s),test_time_consume(s)
0,1.7284016609191897,0.1008005142211914
1,2.461313247680664,0.1716523170471191
2,2.5125975608825684,0.1449983119964599
3,1.759075164794922,0.1043896675109863
4,3.796766996383667,0.1980552673339843
5,3.4985272884368896,0.1614131927490234
6,2.0721640586853027,0.0859153270721435
7,1.9465854167938232,0.0820724964141845
8,2.2701754570007324,0.1295230388641357
9,2.736956596374512,0.1474697589874267
