,trainning_time_consume(s),test_time_consume(s)
0,2.79081130027771,0.2163929939270019
1,1.7256529331207275,0.1088533401489257
2,1.7979865074157717,0.1247141361236572
3,2.023077249526977,0.1200873851776123
4,3.1273741722106934,0.1877319812774658
5,1.7573621273040771,0.0964977741241455
6,1.5289857387542725,0.1164710521697998
7,1.5883336067199707,0.1193153858184814
8,2.2842013835906982,0.1777396202087402
9,2.0388641357421875,0.133390188217163
