,trainning_time_consume(s),test_time_consume(s)
0,25.05909276008606,0.026999235153198242
1,30.212181568145752,0.023000717163085938
2,60.038196086883545,0.03299665451049805
3,62.60518431663513,0.03700137138366699
4,29.245566844940186,0.019999980926513672
5,27.070565462112427,0.02399921417236328
6,66.4791328907013,0.0559992790222168
7,26.35757613182068,0.017001628875732422
8,75.43215346336365,0.04599642753601074
9,24.722049951553345,0.01999831199645996
