,trainning_time_consume(s),test_time_consume(s)
0,47.370763301849365,0.037999629974365234
1,14.268028974533081,0.010003328323364258
2,51.10567307472229,0.036000728607177734
3,29.87210464477539,0.029995441436767578
4,43.567596673965454,0.01999950408935547
5,22.59605360031128,0.02600383758544922
6,17.94553232192993,0.014000415802001953
7,36.910595655441284,0.0260012149810791
8,53.470638036727905,0.03999829292297363
9,41.366074562072754,0.01600027084350586
