,trainning_time_consume(s),test_time_consume(s)
0,25.05909276008606,0.0269992351531982
1,30.212181568145752,0.0230007171630859
2,60.038196086883545,0.032996654510498
3,62.60518431663513,0.0370013713836669
4,29.245566844940186,0.0199999809265136
5,27.070565462112427,0.0239992141723632
6,66.4791328907013,0.0559992790222168
7,26.35757613182068,0.0170016288757324
8,75.43215346336365,0.0459964275360107
9,24.722049951553345,0.0199983119964599
