,target,params
0,-0.18528220430016518,"{'Nodes_per_layer': 288.6497275853653, 'deepth': 2.3284599141354367}"
1,-0.19058139994740486,"{'Nodes_per_layer': 940.8266404255769, 'deepth': 4.066566255721261}"
2,-0.18632839433848858,"{'Nodes_per_layer': 865.0625416478783, 'deepth': 5.942799962340092}"
3,-0.18072300404310226,"{'Nodes_per_layer': 382.5815032797528, 'deepth': 4.197649198594261}"
4,-0.18129353784024715,"{'Nodes_per_layer': 179.49052420398928, 'deepth': 4.061334107161191}"
5,-0.32462048903107643,"{'Nodes_per_layer': 372.5951748970608, 'deepth': 2.5127488993276574}"
# cuda