,trainning_time_consume(s),test_time_consume(s)
0,12.5631263256073,0.22700047492980957
1,16.567323923110962,0.2530357837677002
2,31.31570601463318,0.2650022506713867
3,25.047131538391113,0.2550013065338135
4,30.320600748062134,0.3100004196166992
5,26.59899878501892,0.25100040435791016
6,26.203076601028442,0.2650001049041748
7,23.792101621627808,0.2669999599456787
8,23.0530002117157,0.2630295753479004
9,28.624547719955444,0.2220017910003662
