,trainning_time_consume(s),test_time_consume(s)
0,27.039207935333252,0.2290351390838623
1,18.55525255203247,0.26418590545654297
2,21.89051055908203,0.19199895858764648
3,31.600133657455444,0.2390003204345703
4,18.959083795547485,0.24899959564208984
5,26.277515172958374,0.323000431060791
6,32.030075788497925,0.3020017147064209
7,33.350101470947266,0.302001953125
8,23.947996854782104,0.2859992980957031
9,26.489163875579834,0.28100013732910156
