,trainning_time_consume(s),test_time_consume(s)
0,23.33998990058899,0.2220003604888916
1,16.018967390060425,0.18403244018554688
2,25.98973321914673,0.2590019702911377
3,12.562676429748535,0.08499979972839355
4,13.75072717666626,0.1830000877380371
5,19.609110116958618,0.22699904441833496
6,30.433136224746704,0.274000883102417
7,27.75600028038025,0.2519998550415039
8,11.06899881362915,0.12003254890441895
9,20.708130359649658,0.2579996585845947
