,trainning_time_consume(s),test_time_consume(s)
0,15.560083389282227,0.18200087547302246
1,34.21299934387207,0.22799944877624512
2,24.018571138381958,0.2010328769683838
3,26.123990058898926,0.17800140380859375
4,13.839048147201538,0.13299942016601562
5,28.58024311065674,0.2700004577636719
6,14.4195077419281,0.15402960777282715
7,17.81300139427185,0.2369990348815918
8,22.6075177192688,0.15602517127990723
9,24.425071954727173,0.20800113677978516
