,trainning_time_consume(s),test_time_consume(s)
0,58.19216656684876,0.0299983024597167
1,54.20061159133911,0.0289990901947021
2,31.394579887390137,0.0149977207183837
3,37.69208121299744,0.0179996490478515
4,24.293052911758423,0.0199990272521972
5,27.64507508277893,0.0280001163482666
6,50.51112675666809,0.0239977836608886
7,26.095536470413208,0.0160002708435058
8,64.60769081115723,0.0479984283447265
9,21.59310817718506,0.0140032768249511
