,trainning_time_consume(s),test_time_consume(s)
0,37.33209848403931,0.0290000438690185
1,32.867586612701416,0.0249996185302734
2,74.47513604164124,0.0390000343322753
3,39.46810841560364,0.0230031013488769
4,21.597033262252808,0.0130035877227783
5,54.64110159873962,0.0379996299743652
6,21.25,0.0200018882751464
7,44.16359329223633,0.0339982509613037
8,60.97108721733093,0.0340008735656738
9,43.15256714820862,0.0289998054504394
