,trainning_time_consume(s),test_time_consume(s)
0,71.46718668937683,0.0399997234344482
1,9.11303424835205,0.0080008506774902
2,31.30612540245056,0.0210013389587402
3,38.10809087753296,0.0279998779296875
4,23.82105040550232,0.0209972858428955
5,16.952574968338013,0.0159950256347656
6,12.641545295715332,0.0080006122589111
7,13.031548500061035,0.0099995136260986
8,38.60707783699036,0.0170001983642578
9,17.471535444259644,0.0109992027282714
