,trainning_time_consume(s),test_time_consume(s),epochs
0,1703.438672542572,0.4419996738433838,150
1,1930.2047936916351,0.1569983959197998,150
2,2768.8127448558807,0.12299919128417969,150
3,1422.0467884540558,0.03696894645690918,150
4,2378.088280439377,0.11400008201599121,150
5,2765.5841097831726,0.12999773025512695,150
# cuda