,trainning_time_consume(s),test_time_consume(s)
0,5.658476114273071,0.3623378276824951
1,4.545138835906982,0.2674953937530517
2,5.477765321731567,0.2571461200714111
3,6.202024936676025,0.3408689498901367
4,3.995759248733521,0.2532665729522705
5,4.47413444519043,0.2350013256072998
6,4.490873336791992,0.1682038307189941
7,3.329998731613159,0.2033388614654541
8,5.133737802505493,0.3643147945404053
9,5.456933498382568,0.3442733287811279
