,trainning_time_consume(s),test_time_consume(s)
0,6.037897109985352,0.4187967777252197
1,3.528183460235596,0.2541313171386719
2,4.762221574783325,0.2923295497894287
3,3.526658058166504,0.2721562385559082
4,3.8134069442749023,0.1964344978332519
5,4.763791561126709,0.3154611587524414
6,4.225939512252808,0.2152423858642578
7,4.704719543457031,0.3355815410614013
8,5.5124804973602295,0.3971738815307617
9,4.609527826309204,0.3332688808441162
