,trainning_time_consume(s),test_time_consume(s)
0,3.6729912757873535,0.2656843662261963
1,5.572831869125366,0.4063212871551513
2,5.031465291976929,0.3557858467102051
3,6.654428005218506,0.4187500476837158
4,4.807879686355591,0.3909883499145508
5,5.100464105606079,0.3462364673614502
6,5.4089460372924805,0.4168019294738769
7,5.198869466781616,0.4350838661193847
8,3.9027812480926514,0.1882798671722412
9,4.500261068344116,0.3290085792541504
