,trainning_time_consume(s),test_time_consume(s)
0,4.431862592697144,0.1843888759613037
1,5.459258317947388,0.4445738792419433
2,6.6583092212677,0.3604726791381836
3,4.257629156112671,0.2587711811065674
4,5.172605276107788,0.273029088973999
5,4.80101752281189,0.2245104312896728
6,4.212330102920532,0.2385635375976562
7,4.50345778465271,0.2656939029693603
8,6.989809513092041,0.3919587135314941
9,4.233564138412476,0.2296478748321533
