,trainning_time_consume(s),test_time_consume(s)
0,4.33867883682251,0.1780614852905273
1,4.279658317565918,0.2417116165161132
2,4.845734357833862,0.2246246337890625
3,4.506702423095703,0.2325422763824463
4,5.133109092712402,0.3319683074951172
5,5.6864399909973145,0.2516348361968994
6,6.393150329589844,0.270596981048584
7,4.403378248214722,0.2320783138275146
8,4.459778070449829,0.2598557472229004
9,4.009729862213135,0.1944911479949951
