,trainning_time_consume(s),test_time_consume(s)
0,4.921937704086304,0.218578815460205
1,4.42790150642395,0.2693343162536621
2,4.031675338745117,0.178828477859497
3,3.320752620697021,0.1835551261901855
4,3.753063440322876,0.2318789958953857
5,2.828436374664306,0.1275992393493652
6,3.519035816192627,0.2327632904052734
7,3.952510118484497,0.2510709762573242
8,5.714401245117188,0.3953468799591064
9,5.220807790756226,0.3161435127258301
