,trainning_time_consume(s),test_time_consume(s)
0,3.7832086086273193,0.2947590351104736
1,5.040590524673462,0.3692843914031982
2,4.400124549865723,0.3243460655212402
3,5.692141532897949,0.4918079376220703
4,5.452798843383789,0.3734841346740722
5,5.040963649749756,0.3109641075134277
6,4.068042039871216,0.3981111049652099
7,4.696866512298584,0.418534517288208
8,3.957855939865112,0.199002981185913
9,4.673210620880127,0.3382411003112793
