,trainning_time_consume(s),test_time_consume(s)
0,43.47724795341492,0.022001028060913086
1,63.338194131851196,0.03899717330932617
2,26.89510226249695,0.020998239517211914
3,40.07959985733032,0.025998592376708984
4,9.88202452659607,0.0070002079010009766
5,21.18054461479187,0.015996456146240234
6,40.216100454330444,0.022998809814453125
7,17.47253966331482,0.011001348495483398
8,19.42302417755127,0.010000467300415039
9,65.36765694618225,0.029996395111083984
