,trainning_time_consume(s),test_time_consume(s)
0,43.2485876083374,0.030998945236206
1,21.293567180633545,0.0170004367828369
2,70.27214241027832,0.0399987697601318
3,32.48556661605835,0.0250003337860107
4,22.26955819129944,0.012002944946289
5,23.166050910949707,0.0199995040893554
6,42.04659557342529,0.0260021686553955
7,21.773048400878903,0.017000675201416
8,19.91802763938904,0.0259997844696044
9,5.66700291633606,0.0119976997375488
