,trainning_time_consume(s),train_loss_record,test_loss_record,test_time_consume(s)
0,532.7047262191772,0.045975781977176666,0.04184254026040435,5.419827938079834
1,532.7047262191772,0.044805336743593216,0.04184254026040435,5.419827938079834
2,532.7047262191772,0.044235795736312866,0.04184254026040435,5.419827938079834
3,532.7047262191772,0.04420049488544464,0.04184254026040435,5.419827938079834
4,532.7047262191772,0.044144779443740845,0.04184254026040435,5.419827938079834
5,532.7047262191772,0.044127482920885086,0.04184254026040435,5.419827938079834
6,532.7047262191772,0.04411209374666214,0.04184254026040435,5.419827938079834
7,532.7047262191772,0.04409417510032654,0.04184254026040435,5.419827938079834
8,532.7047262191772,0.04407768324017525,0.04184254026040435,5.419827938079834
9,532.7047262191772,0.04406247287988663,0.04184254026040435,5.419827938079834
10,532.7047262191772,0.0440482497215271,0.04184254026040435,5.419827938079834
11,532.7047262191772,0.04403511434793472,0.04184254026040435,5.419827938079834
12,532.7047262191772,0.04402296245098114,0.04184254026040435,5.419827938079834
13,532.7047262191772,0.04401175677776337,0.04184254026040435,5.419827938079834
14,532.7047262191772,0.04400143399834633,0.04184254026040435,5.419827938079834
15,532.7047262191772,0.04399193450808525,0.04184254026040435,5.419827938079834
16,532.7047262191772,0.043983202427625656,0.04184254026040435,5.419827938079834
17,532.7047262191772,0.04397517815232277,0.04184254026040435,5.419827938079834
18,532.7047262191772,0.043967802077531815,0.04184254026040435,5.419827938079834
19,532.7047262191772,0.04396103695034981,0.04184254026040435,5.419827938079834
20,532.7047262191772,0.04395483061671257,0.04184254026040435,5.419827938079834
21,532.7047262191772,0.043949127197265625,0.04184254026040435,5.419827938079834
22,532.7047262191772,0.043943893164396286,0.04184254026040435,5.419827938079834
23,532.7047262191772,0.04393908381462097,0.04184254026040435,5.419827938079834
24,532.7047262191772,0.043934665620326996,0.04184254026040435,5.419827938079834
25,532.7047262191772,0.043930597603321075,0.04184254026040435,5.419827938079834
26,532.7047262191772,0.04392686486244202,0.04184254026040435,5.419827938079834
27,532.7047262191772,0.04392341151833534,0.04184254026040435,5.419827938079834
28,532.7047262191772,0.04392022639513016,0.04184254026040435,5.419827938079834
29,532.7047262191772,0.04391726851463318,0.04184254026040435,5.419827938079834
