,trainning_time_consume(s),test_time_consume(s)
0,30.061575651168823,0.0279984474182128
1,31.83204984664917,0.0150008201599121
2,24.416057109832764,0.0230028629302978
3,8.812518835067749,0.010000467300415
4,53.55671000480652,0.0319998264312744
5,33.93582010269165,0.024998664855957
6,77.09083318710327,0.0419991016387939
7,9.75751495361328,0.0109999179840087
8,57.8846390247345,0.0389990806579589
9,55.78469681739807,0.0280029773712158
