,trainning_time_consume(s),test_time_consume(s)
0,44.80313801765442,0.0299975872039794
1,29.201597690582275,0.0209994316101074
2,25.459086418151852,0.0260000228881835
3,48.04560923576355,0.0259966850280761
4,44.646143674850464,0.0279996395111084
5,53.956135749816895,0.0239989757537841
6,27.268532037734985,0.0190010070800781
7,11.501031875610352,0.0069992542266845
8,82.07672142982483,0.0479998588562011
9,12.046536684036257,0.0089962482452392
