,mean_test_time_consume(s),target,std
tabnet_gpu,0.304810266,0.001587987,0.000155732
LightGBM_cpu,2.450116216,0.003571965,0.000821157
XGB_cpu,3.751247152,0.002601341,0.000375508
XGB_gpu,0.233187683,0.002575585,0.000437896
XGB_norm,4.374303993,0.002345842,0.000203944
cat_cpu,0.303650999,0.002594827,0.001541785
SimpleANN_gpu,0.013993216,0.000709372,0.000119382
FT-transformer_gpu,0.163463495,0.000846233,0.000191436
