,mean_test_time_consume(s),target,std
tabnet_gpu,0.584509097,0.001641923,0.000223212
LightGBM_cpu,4.600965537,0.003509872,0.000654519
XGB_cpu,6.203927644,0.002312267,0.000362367
XGB_gpu,0.293388248,0.002056628,0.000245437
XGB_norm,10.72734726,0.00222949,0.000318122
cat_cpu,0.426591682,0.002647398,0.002784461
SimpleANN_gpu,0.035599232,0.00056532,7.17E-05
FT-transformer_gpu,0.300071752,0.000906281,0.00032858
