,target,params
0,-0.0068976483307778835,"{'inner_feature_dim': 159.16288347969083, 'n_shared': 2.897570820810061, 'n_step': 4.324798355069387, 'n_total': 5.705881416085996, 'out_feature_dim': 133.31306692118375}"
1,-0.007771408185362816,"{'inner_feature_dim': 297.4365501020993, 'n_shared': 2.3446748044281174, 'n_step': 4.285028377564318, 'n_total': 4.000326704936294, 'out_feature_dim': 150.3819247546246}"
2,-0.0045937723480165005,"{'inner_feature_dim': 375.3413656948513, 'n_shared': 2.184605241460029, 'n_step': 4.854464199182292, 'n_total': 7.912826066451785, 'out_feature_dim': 114.33996289756544}"
3,-0.003610862186178565,"{'inner_feature_dim': 220.96352855309956, 'n_shared': 2.9091922697248807, 'n_step': 2.9465242881678284, 'n_total': 5.40597701177861, 'out_feature_dim': 126.84294149224326}"
4,-0.005121489521116018,"{'inner_feature_dim': 59.45875678331883, 'n_shared': 2.1661460366684153, 'n_step': 4.346022776799976, 'n_total': 7.482024848538517, 'out_feature_dim': 114.6339142044651}"
5,-0.005397527012974024,"{'inner_feature_dim': 219.5109884289533, 'n_shared': 2.4907768164389, 'n_step': 4.216181256372382, 'n_total': 5.621257202961018, 'out_feature_dim': 127.76252452586124}"
# cuda