,trainning_time_consume(s),test_time_consume(s)
0,16.748934507369995,0.17103290557861328
1,11.435640096664429,0.1569995880126953
2,11.562464237213135,0.17299938201904297
3,19.197604417800903,0.2050011157989502
4,16.468729257583618,0.17400026321411133
5,8.584682703018188,0.14100003242492676
6,14.01030945777893,0.17599940299987793
7,16.46045970916748,0.1549992561340332
8,18.303932905197144,0.1789994239807129
9,14.895744323730469,0.18400239944458008
