,trainning_time_consume(s),test_time_consume(s)
0,14.681302547454834,0.1849994659423828
1,20.085015773773193,0.16103076934814453
2,15.934726238250732,0.20503759384155273
3,10.450971603393555,0.19099974632263184
4,19.607512950897217,0.2030031681060791
5,22.779998779296875,0.19300127029418945
6,17.07800030708313,0.15799975395202637
7,18.796748876571655,0.16100287437438965
8,19.35751962661743,0.1379995346069336
9,11.688000202178955,0.14200305938720703
