,trainning_time_consume(s),test_time_consume(s)
0,8.391968727111816,0.14200091361999512
1,11.538000106811523,0.1529998779296875
2,6.491000652313232,0.10300254821777344
3,6.658477067947388,0.09150958061218262
4,7.943000316619873,0.11799931526184082
5,6.543999910354614,0.09102940559387207
6,15.613999128341675,0.14600253105163574
7,10.132508516311646,0.16299986839294434
8,11.303083181381226,0.16100049018859863
9,8.709999084472656,0.11600136756896973
