,trainning_time_consume(s),test_time_consume(s)
0,21.808335065841675,0.4027419090270996
1,13.662488222122192,0.28550004959106445
2,20.185781240463257,0.5257086753845215
3,21.107667446136475,0.34587740898132324
4,9.322004079818726,0.19822144508361816
5,29.720937967300415,0.5778977870941162
6,20.92954444885254,0.46884965896606445
7,32.44705080986023,0.5998795032501221
8,24.334174394607544,0.45749473571777344
9,17.473363399505615,0.38094639778137207
