,trainning_time_consume(s),test_time_consume(s)
0,13.966460943222046,0.24018597602844238
1,11.202452421188354,0.21351337432861328
2,13.49531078338623,0.2752666473388672
3,17.282989263534546,0.27449917793273926
4,10.659027099609375,0.24365782737731934
5,15.748281717300415,0.318530797958374
6,13.509453296661377,0.3580043315887451
7,10.554234027862549,0.19245243072509766
8,25.504536390304565,0.391437292098999
9,22.765003204345703,0.4336564540863037
