,trainning_time_consume(s),test_time_consume(s)
0,29.800533771514893,0.5800509452819824
1,21.131431341171265,0.47357773780822754
2,17.902461528778076,0.38518571853637695
3,24.376023054122925,0.46628499031066895
4,11.529401540756226,0.31071949005126953
5,28.07024049758911,0.5677847862243652
6,33.509695291519165,0.5143451690673828
7,22.984158039093018,0.3325960636138916
8,33.21136426925659,0.4132053852081299
9,24.204803705215454,0.4659297466278076
