,trainning_time_consume(s),test_time_consume(s)
0,17.552252292633057,0.17529749870300293
1,13.399694442749023,0.22525644302368164
2,12.555797338485718,0.22959613800048828
3,10.073527812957764,0.18091940879821777
4,14.900876998901367,0.271533727645874
5,18.46425223350525,0.3080484867095947
6,18.481701374053955,0.28176045417785645
7,15.881406545639038,0.3158998489379883
8,15.047364234924316,0.31145763397216797
9,22.70047879219055,0.33297109603881836
