,trainning_time_consume(s),test_time_consume(s)
0,21.716525316238403,0.5557980537414551
1,17.41435217857361,0.22106623649597168
2,15.78707766532898,0.26366591453552246
3,17.981555461883545,0.24923968315124512
4,22.718862056732178,0.3793339729309082
5,15.709452867507935,0.1844801902770996
6,11.32686710357666,0.1720142364501953
7,13.494235277175903,0.2523965835571289
8,14.851835012435913,0.30814218521118164
9,13.69067645072937,0.23996567726135254
