,trainning_time_consume(s),test_time_consume(s)
0,14.850630044937134,0.36781835556030273
1,14.998477935791016,0.37721991539001465
2,9.115852117538452,0.23768329620361328
3,12.688271522521973,0.27207207679748535
4,8.223580121994019,0.2276902198791504
5,8.51090407371521,0.1975865364074707
6,8.588244676589966,0.1880183219909668
7,10.819205284118652,0.38928890228271484
8,20.108705759048462,0.48992109298706055
9,21.09845542907715,0.5151858329772949
