,trainning_time_consume(s),test_time_consume(s)
0,8.925650835037231,0.08700013160705566
1,4.957666873931885,0.0850369930267334
2,11.156281232833862,0.17199969291687012
3,5.773155450820923,0.08710789680480957
4,6.5165605545043945,0.10099983215332031
5,5.929816007614136,0.07900047302246094
6,9.173298120498657,0.0820000171661377
7,9.061162233352661,0.09999966621398926
8,4.239999532699585,0.07900071144104004
9,7.480493068695068,0.09610295295715332
