,trainning_time_consume(s),test_time_consume(s)
0,11.42061710357666,0.1977705955505371
1,17.24782681465149,0.31102943420410156
2,7.426374912261963,0.1900322437286377
3,10.63870096206665,0.23677897453308105
4,15.941383123397827,0.2894861698150635
5,19.042176008224487,0.26793599128723145
6,16.117989540100098,0.2547333240509033
7,15.141680002212524,0.2387068271636963
8,17.94187641143799,0.25209832191467285
9,13.920060634613037,0.37559962272644043
