,trainning_time_consume(s),test_time_consume(s)
0,49.09410238265991,0.0380008220672607
1,65.74018692970276,0.0360016822814941
2,64.43064570426941,0.0449962615966796
3,65.55965781211853,0.0439989566802978
4,21.996053218841556,0.0110011100769042
5,10.710509300231934,0.0120055675506591
6,25.05056929588318,0.0129954814910888
7,14.273031949996948,0.0080001354217529
8,53.50162982940674,0.0209996700286865
9,18.24002480506897,0.0130019187927246
