,trainning_time_consume(s),test_time_consume(s)
0,17.99954628944397,0.0160019397735595
1,54.890055418014526,0.0259962081909179
2,46.78308081626892,0.0289990901947021
3,53.77313542366028,0.0470004081726074
4,44.54563283920288,0.0239918231964111
5,52.48914527893066,0.0249979496002197
6,68.72463631629944,0.0350008010864257
7,39.39259123802185,0.019005537033081
8,54.07012963294983,0.0249998569488525
9,55.44812512397766,0.0210006237030029
