,trainning_time_consume(s),test_time_consume(s)
0,67.84913921356201,0.0510001182556152
1,19.442054510116577,0.0110032558441162
2,58.77313709259033,0.0460009574890136
3,61.98962354660034,0.0380024909973144
4,37.547093868255615,0.0250005722045898
5,41.95819306373596,0.0300009250640869
6,34.23078417778015,0.0279972553253173
7,60.872297286987305,0.0369987487792968
8,24.26257348060608,0.0199999809265136
9,28.730584144592285,0.0279996395111084
