,trainning_time_consume(s),test_time_consume(s)
0,18.95704388618469,0.0110058784484863
1,18.110540866851807,0.0110008716583251
2,37.68919348716736,0.0259990692138671
3,46.52082562446594,0.0290005207061767
4,31.28568243980408,0.0270006656646728
5,49.26612329483032,0.0160000324249267
6,17.11855387687683,0.0119988918304443
7,62.25270628929138,0.0389988422393798
8,34.05258250236511,0.0199992656707763
9,24.62753939628601,0.0209982395172119
