,trainning_time_consume(s),test_time_consume(s)
0,26.305593967437744,0.0160005092620849
1,64.16127753257751,0.0499994754791259
2,22.525601148605347,0.0129997730255126
3,47.29361510276794,0.031001329421997
4,27.82023429870605,0.0230004787445068
5,25.69319558143616,0.0149991512298583
6,10.60402798652649,0.0059955120086669
7,40.47610068321228,0.0169992446899414
8,31.356569290161133,0.0129992961883544
9,45.59860873222351,0.0279998779296875
