,trainning_time_consume(s),test_time_consume(s)
0,39.41008448600769,0.0230002403259277
1,40.32467317581177,0.028998851776123
2,49.67158484458923,0.0240001678466796
3,48.10417127609253,0.037999153137207
4,21.108054161071777,0.019000768661499
5,27.51816272735596,0.0159988403320312
6,34.75014543533325,0.0130016803741455
7,24.63274836540222,0.0139992237091064
8,65.62465739250183,0.0430002212524414
9,53.7521243095398,0.0250017642974853
