,trainning_time_consume(s),test_time_consume(s)
0,21.890537977218628,0.0140001773834228
1,17.170535564422607,0.019998550415039
2,61.604711294174194,0.0369997024536132
3,15.916570663452148,0.012000560760498
4,60.09752535820007,0.0440011024475097
5,45.48393678665161,0.0369925498962402
6,61.41485786437988,0.0349984169006347
7,14.198537111282349,0.0100014209747314
8,8.960513353347778,0.0089993476867675
9,22.02554059028625,0.0119986534118652
