,trainning_time_consume(s),test_time_consume(s)
0,42.36960411071777,0.0220046043395996
1,28.129053354263306,0.0150001049041748
2,37.87854504585266,0.023998737335205
3,52.74161386489868,0.036001443862915
4,50.303178787231445,0.0390005111694335
5,19.776570320129395,0.0149998664855957
6,14.32453203201294,0.012000560760498
7,39.09110283851624,0.0209989547729492
8,61.634681940078735,0.0309996604919433
9,60.83861804008484,0.034996747970581
