,target,params
colsample_bytree,-0.003477509133517742,0.9028435410170557
learning_rate,-0.003477509133517742,0.047048210880459455
max_depth,-0.003477509133517742,4.767395166787364
n_estimators,-0.003477509133517742,498.0637124416102
reg_lambda,-0.003477509133517742,21.128220757005458
subsample,-0.003477509133517742,0.7226288934760203
