,target,params
colsample_bytree,-0.002707144943997264,0.6824061197946562
learning_rate,-0.002707144943997264,0.08135841266383631
max_depth,-0.002707144943997264,9.205411179121676
n_estimators,-0.002707144943997264,470.96405642077855
reg_lambda,-0.002707144943997264,29.62668070224559
subsample,-0.002707144943997264,0.49192200499749694
