,trainning_time_consume(s),test_time_consume(s)
0,22.00702810287476,0.0220000743865966
1,12.802531480789185,0.0099971294403076
2,15.858543395996094,0.0149991512298583
3,13.092512369155884,0.0080029964447021
4,22.009557962417603,0.0129973888397216
5,15.239538431167604,0.0120010375976562
6,23.02556681632996,0.0169994831085205
7,21.217535495758057,0.0130016803741455
8,9.518515586853027,0.0090041160583496
9,16.18153405189514,0.0119991302490234
