,trainning_time_consume(s),test_time_consume(s)
0,27.479137897491455,0.3226025104522705
1,42.43015694618225,0.6049768924713135
2,38.8058557510376,0.44015002250671387
3,22.172195196151733,0.4843602180480957
4,31.566533088684082,0.4628589153289795
5,30.087049961090088,0.41034865379333496
6,39.863367795944214,0.5927300453186035
7,33.56496477127075,0.40256762504577637
8,17.545295000076294,0.3162693977355957
9,28.352497577667236,0.38715410232543945
