,train_time,test_time
0,310.5690312385559,8.993358612060547
1,407.04304003715515,8.941879272460938
2,513.2374174594879,12.998343706130981
3,348.58654141426086,10.830251693725586
4,565.9234178066254,11.244834184646606
5,516.1807699203491,11.365464210510254
6,524.3247952461243,11.429189682006836
7,502.42067766189575,13.189941167831421
8,613.5230882167816,12.072081565856934
9,531.0241751670837,9.560534238815308
