,trainning_time_consume(s),test_time_consume(s)
0,47.2973268032074,0.5967743396759033
1,38.82284641265869,0.5761706829071045
2,30.986092567443848,0.6090602874755859
3,31.796764135360718,0.46392321586608887
4,25.030450582504272,0.3445546627044678
5,38.337743282318115,0.5924584865570068
6,42.5846061706543,0.5989904403686523
7,45.51733899116516,0.6298117637634277
8,33.33866238594055,0.6355695724487305
9,29.486693143844604,0.6109883785247803
