,trainning_time_consume(s),test_time_consume(s)
0,28.18123483657837,0.3528327941894531
1,51.22598433494568,0.590611457824707
2,28.009471654891968,0.5240542888641357
3,32.56161403656006,0.5574452877044678
4,25.80637264251709,0.3234717845916748
5,35.51641225814819,0.45072388648986816
6,43.67692828178406,0.5107231140136719
7,28.517908811569214,0.6005699634552002
8,19.237479209899902,0.2832374572753906
9,36.45742440223694,0.6741237640380859
