,trainning_time_consume(s),test_time_consume(s)
0,27.407068490982056,0.4312560558319092
1,26.813453674316406,0.37616443634033203
2,26.668131113052368,0.35331106185913086
3,28.16600251197815,0.35303235054016113
4,22.15365719795227,0.3574717044830322
5,15.585026502609253,0.21937775611877441
6,19.79976177215576,0.30095767974853516
7,33.997960805892944,0.3529977798461914
8,24.142984867095947,0.38380908966064453
9,29.068159103393555,0.3002457618713379
