,trainning_time_consume(s),test_time_consume(s)
0,13.649059772491455,0.14499998092651367
1,15.577999114990234,0.19100046157836914
2,25.255512952804565,0.20400023460388184
3,8.454000473022461,0.13100075721740723
4,11.510000705718994,0.11000204086303711
5,10.543261528015137,0.13700008392333984
6,23.520517349243164,0.20400285720825195
7,16.15951895713806,0.15600061416625977
8,7.238002061843872,0.09499979019165039
9,18.643000602722168,0.2330005168914795
