,trainning_time_consume(s),test_time_consume(s)
0,20.988000869750977,0.1580030918121338
1,15.204541683197021,0.1379988193511963
2,20.225839376449585,0.16499996185302734
3,22.750305891036987,0.21502995491027832
4,11.445029735565186,0.11900043487548828
5,16.451136589050293,0.1699984073638916
6,21.54954767227173,0.15605926513671875
7,15.64125657081604,0.13802552223205566
8,11.794168949127197,0.1190032958984375
9,15.231033563613892,0.16499805450439453
