,trainning_time_consume(s),test_time_consume(s)
0,13.525957107543945,0.12903285026550293
1,16.074424028396606,0.1360001564025879
2,21.519011974334717,0.15900325775146484
3,11.74004578590393,0.11300253868103027
4,23.298523902893066,0.1919996738433838
5,16.097288131713867,0.19300007820129395
6,13.879208087921143,0.1380000114440918
7,10.400980472564697,0.1450023651123047
8,18.106428623199463,0.2089993953704834
9,14.850646495819092,0.15403056144714355
