,trainning_time_consume(s),test_time_consume(s)
0,13.238001346588135,0.11599874496459961
1,10.402999877929688,0.13499999046325684
2,18.56107258796692,0.19300127029418945
3,7.660484552383423,0.09200096130371094
4,7.167998552322388,0.08699893951416016
5,19.275010585784912,0.178999662399292
6,16.79300022125244,0.14200234413146973
7,13.428512573242188,0.18602991104125977
8,18.020772695541382,0.1925203800201416
9,12.151999473571777,0.17599964141845703
