,trainning_time_consume(s),test_time_consume(s)
0,15.176542043685913,0.18000268936157227
1,14.67786955833435,0.18500208854675293
2,18.502485752105713,0.26599860191345215
3,11.086916446685791,0.14800000190734863
4,12.576417922973633,0.1620314121246338
5,16.183130264282227,0.2045142650604248
6,17.017780303955078,0.20199990272521973
7,13.080336332321167,0.20000195503234863
8,9.714663028717041,0.19500064849853516
9,21.313382148742676,0.2500002384185791
