,trainning_time_consume(s),test_time_consume(s)
0,31.836029767990112,0.49027562141418457
1,32.38051652908325,0.4755725860595703
2,31.50882601737976,0.4904787540435791
3,29.04077649116516,0.4031369686126709
4,25.7724130153656,0.4185662269592285
5,21.124920129776,0.30829405784606934
6,24.315038204193115,0.25035548210144043
7,19.650135278701782,0.3597395420074463
8,23.195740699768066,0.34870409965515137
9,28.033398389816284,0.3587000370025635
