,target,params
0,-1.0,"{'gamma': 1.82156618845886, 'lambda_sparse': 0.7578923695182348, 'n_a': 68.44234639750358, 'n_d': 35.457412062017454, 'n_independent': 2.2816650448289417, 'n_shared': 0.5529306922167878, 'n_steps': 3.3824689147327147}"
1,-1.0,"{'gamma': 1.6420445758914155, 'lambda_sparse': 0.1060979218465157, 'n_a': 183.81634738328432, 'n_d': 35.95383491663998, 'n_independent': 2.859656433906746, 'n_shared': 2.185658225482375, 'n_steps': 3.9951335958973524}"
2,-1.0,"{'gamma': 1.8610591037986535, 'lambda_sparse': 0.7883002149287218, 'n_a': 411.7252752166031, 'n_d': 73.60357961391661, 'n_independent': 4.242466211847836, 'n_shared': 0.545608762410345, 'n_steps': 1.6795769019906506}"
3,-1.0,"{'gamma': 1.7721357227315857, 'lambda_sparse': 0.8229087714259412, 'n_a': 284.93679435917716, 'n_d': 50.23132939271633, 'n_independent': 2.6120160913189774, 'n_shared': 1.8385421852254407, 'n_steps': 1.4502505768890712}"
4,-1.0,"{'gamma': 1.4157763070078642, 'lambda_sparse': 0.18409750312898046, 'n_a': 309.1768038741693, 'n_d': 111.54686818130048, 'n_independent': 1.9048647835938444, 'n_shared': 1.5379433104098688, 'n_steps': 3.1374750148303194}"
5,-1.0,"{'gamma': 0.7159663082912016, 'lambda_sparse': 0.48653717467258495, 'n_a': 32.04668152454894, 'n_d': 126.88430767023092, 'n_independent': 3.559964688291849, 'n_shared': 1.5558694229756005, 'n_steps': 2.236845113025223}"
# cuda