,target,args
0,-0.44474322348833084,0.05
1,-0.3752855956554413,0.07500000000000001
2,-0.3943273350596428,0.1
3,-0.4409628361463547,0.125
4,-0.37009286135435104,0.15000000000000002
