,target,args
0,-0.12284715566784143,0.05
1,-0.12957811914384365,0.07500000000000001
2,-0.12957151513546705,0.1
3,-0.1285873893648386,0.125
4,-0.1279830364510417,0.15000000000000002
