,target,args
0,-0.3387909010052681,0.05
1,-0.2970880717039108,0.07500000000000001
2,-0.34432149305939674,0.1
3,-0.3287476468831301,0.125
4,-0.3337623104453087,0.15000000000000002
