,trainning_time_consume(s),test_time_consume(s),epochs
0,4862.42906999588,1.254911184310913,1000
1,6201.683285474777,2.392001152038574,1000
2,1229.8440186977386,0.43000030517578125,1000
3,1421.7586059570312,0.39300036430358887,1000
# cpu