,trainning_time_consume(s),test_time_consume(s)
0,73.84624171257019,0.0510022640228271
1,41.799026012420654,0.0329997539520263
2,22.11056137084961,0.016003131866455
3,15.594048023223875,0.0089995861053466
4,69.24515962600708,0.0450003147125244
5,12.466023445129396,0.0080018043518066
6,16.159537076950073,0.0079989433288574
7,70.56321358680725,0.0429999828338623
8,29.061070919036865,0.0179967880249023
9,30.89660382270813,0.0209970474243164
