,trainning_time_consume(s),test_time_consume(s)
0,37.19561529159546,0.0319974422454834
1,30.427080154418945,0.0129990577697753
2,20.97656512260437,0.0119998455047607
3,31.63453841209412,0.0239996910095214
4,66.87816882133484,0.0440025329589843
5,63.38865566253662,0.0429997444152832
6,20.03113842010498,0.0160000324249267
7,56.66754603385925,0.0330002307891845
8,64.93639755249023,0.0560011863708496
9,27.29655814170837,0.0190002918243408
