,trainning_time_consume(s),test_time_consume(s)
0,45.75762939453125,0.0340034961700439
1,51.75257015228272,0.0200035572052001
2,29.426593542099,0.0160002708435058
3,57.98863410949707,0.0300006866455078
4,55.43259525299072,0.0430004596710205
5,16.131049156188965,0.0110001564025878
6,54.19113540649414,0.0399999618530273
7,74.57017660140991,0.0430009365081787
8,32.02858281135559,0.0219981670379638
9,71.90070271492004,0.0669991970062255
