,trainning_time_consume(s),test_time_consume(s)
0,3.927493810653688,0.2685739994049072
1,4.481966018676758,0.3650698661804199
2,3.9803566932678223,0.3503739833831787
3,2.636913776397705,0.2024211883544922
4,3.792191505432129,0.2722997665405273
5,3.8741295337677,0.2883551120758056
6,3.486931324005127,0.2961313724517822
7,2.52089786529541,0.2166814804077148
8,3.365335702896118,0.2708997726440429
9,3.573871374130249,0.2932906150817871
