,trainning_time_consume(s),test_time_consume(s)
0,3.1971476078033447,0.2824971675872803
1,3.534379005432129,0.1962261199951172
2,3.850030422210693,0.2118153572082519
3,2.67737078666687,0.1699965000152588
4,3.651257991790772,0.2478728294372558
5,3.258472919464112,0.2592766284942627
6,2.7565722465515137,0.1258001327514648
7,3.159604072570801,0.2417266368865966
8,3.700963973999024,0.2596259117126465
9,3.7840983867645264,0.2746109962463379
