,train_time,test_time
0,2.6059274673461914,0.24877309799194336
1,1.846724510192871,0.14824199676513672
2,1.6866769790649414,0.18136906623840332
3,2.8616271018981934,0.21695995330810547
4,1.6511249542236328,0.1366736888885498
5,2.1180179119110107,0.1641392707824707
6,1.7142679691314697,0.16597652435302734
7,1.549560546875,0.14170265197753906
8,2.0861475467681885,0.18112468719482422
9,1.9140915870666504,0.16437721252441406
