,train_time,test_time
0,2.5267581939697266,0.2139284610748291
1,2.061800718307495,0.19316792488098145
2,2.4164562225341797,0.23908758163452148
3,2.4552409648895264,0.24098968505859375
4,2.5323572158813477,0.21502208709716797
5,2.4390783309936523,0.2320249080657959
6,2.4110751152038574,0.22977828979492188
7,1.371636152267456,0.14728379249572754
8,3.014370918273926,0.1340959072113037
9,2.9593162536621094,0.1451883316040039
