,trainning_time_consume(s),test_time_consume(s)
0,3.281324863433838,0.173046588897705
1,4.417974472045898,0.2140951156616211
2,4.517369508743286,0.2406802177429199
3,4.972694635391235,0.2707757949829101
4,2.6410629749298096,0.1644771099090576
5,3.199176549911499,0.2203860282897949
6,2.6146254539489746,0.1481986045837402
7,3.1440820693969727,0.1849348545074463
8,2.9867472648620605,0.1973133087158203
9,4.487955570220947,0.297020673751831
