,trainning_time_consume(s),test_time_consume(s)
0,4.586442708969116,0.3324015140533447
1,2.452305316925049,0.1272761821746826
2,3.4760830402374268,0.1900715827941894
3,2.5702497959136963,0.1893084049224853
4,2.6726322174072266,0.2046253681182861
5,2.682893991470337,0.2169106006622314
6,2.9292030334472656,0.2039339542388916
7,3.507109880447388,0.2778520584106445
8,2.4347941875457764,0.1624300479888916
9,3.314928770065308,0.2781016826629638
