,train_time,test_time
0,2.245537519454956,0.1869063377380371
1,2.0600428581237793,0.1717512607574463
2,1.6616933345794678,0.1365199089050293
3,2.3389954566955566,0.19669890403747559
4,2.4459238052368164,0.2000420093536377
5,2.0123353004455566,0.17595410346984863
6,2.282717704772949,0.12626147270202637
7,2.023517370223999,0.17754054069519043
8,2.2672624588012695,0.18875432014465332
9,1.6435394287109375,0.15331554412841797
