,trainning_time_consume(s),test_time_consume(s)
0,4.11064076423645,0.1806743144989013
1,5.04341983795166,0.2152807712554931
2,4.021428108215332,0.214902639389038
3,2.5639588832855225,0.1622109413146972
4,2.231494188308716,0.1115331649780273
5,2.672276973724365,0.2097609043121338
6,3.546299457550049,0.1845784187316894
7,2.70186448097229,0.1692748069763183
8,2.6095399856567383,0.1758906841278076
9,2.706825017929077,0.1628451347351074
