,trainning_time_consume(s),test_time_consume(s)
0,2.6324429512023926,0.1941275596618652
1,1.8154683113098145,0.142789602279663
2,2.2758634090423584,0.2206532955169677
3,1.3539881706237793,0.1465926170349121
4,1.8879764080047607,0.1979873180389404
5,1.4090654850006104,0.1512603759765625
6,1.9311096668243408,0.224541425704956
7,2.049511432647705,0.2510609626770019
8,2.12355899810791,0.1910293102264404
9,1.3880703449249268,0.1709022521972656
