,trainning_time_consume(s),test_time_consume(s)
0,3.247215747833252,0.2010555267333984
1,2.1637625694274902,0.1456139087677002
2,2.5832293033599854,0.1756887435913086
3,2.1747043132781982,0.1294353008270263
4,2.829944610595703,0.1802761554718017
5,2.1577985286712646,0.1499800682067871
6,2.2709128856658936,0.1543834209442138
7,2.504011631011963,0.1491496562957763
8,2.5095181465148926,0.1605598926544189
9,2.4352731704711914,0.1631016731262207
