,train_time,test_time
0,3.475938081741333,0.19623303413391113
1,5.473278522491455,0.20221495628356934
2,4.1936445236206055,0.17588472366333008
3,4.276774644851685,0.2881913185119629
4,2.403151035308838,0.16281414031982422
5,4.045089244842529,0.22992563247680664
6,4.127180337905884,0.19442033767700195
7,3.4775495529174805,0.12215256690979004
8,3.8941237926483154,0.1669785976409912
9,3.300137519836426,0.16102933883666992
