,trainning_time_consume(s),test_time_consume(s)
0,2.82286024093628,0.2588186264038086
1,2.558042287826538,0.2358956336975097
2,1.735560655593872,0.1636614799499511
3,2.4718174934387207,0.2269930839538574
4,2.706817626953125,0.2803094387054443
5,1.9720184803009035,0.1992268562316894
6,1.6782405376434326,0.1401963233947754
7,2.0936717987060547,0.1045174598693847
8,3.797009706497192,0.2323319911956787
9,3.801993370056152,0.2143251895904541
