,train_time,test_time
0,2.1550486087799072,0.2030470371246338
1,1.417696475982666,0.1062326431274414
2,2.4294424057006836,0.18318605422973633
3,1.6322195529937744,0.15027618408203125
4,1.9926190376281738,0.1665506362915039
5,2.3940622806549072,0.1843395233154297
6,2.2345850467681885,0.17739391326904297
7,1.8617966175079346,0.1671755313873291
8,1.6267552375793457,0.16742324829101562
9,1.6877384185791016,0.18695068359375
