,trainning_time_consume(s),test_time_consume(s)
0,2.0846548080444336,0.1773490905761718
1,2.262606382369995,0.1600298881530761
2,2.839899778366089,0.2390146255493164
3,2.221458673477173,0.2123529911041259
4,1.9602835178375244,0.227524995803833
5,1.408463954925537,0.1390445232391357
6,2.049828052520752,0.2025940418243408
7,2.5400822162628174,0.2000429630279541
8,3.462078809738159,0.2080206871032714
9,3.5485916137695312,0.1724121570587158
