,trainning_time_consume(s),test_time_consume(s)
0,3.475938081741333,0.1962330341339111
1,5.473278522491455,0.2022149562835693
2,4.1936445236206055,0.17588472366333
3,4.276774644851685,0.2881913185119629
4,2.403151035308838,0.1628141403198242
5,4.045089244842529,0.2299256324768066
6,4.127180337905884,0.1944203376770019
7,3.4775495529174805,0.12215256690979
8,3.894123792648315,0.1669785976409912
9,3.300137519836426,0.1610293388366699
