,trainning_time_consume(s),test_time_consume(s),epochs
0,1984.1292593479156,1.11199951171875,250
1,1635.2545075416565,0.9679973125457764,250
# cuda