,trainning_time_consume(s),test_time_consume(s)
0,13.23499870300293,0.13300251960754395
1,12.911997318267822,0.1880021095275879
2,18.325257539749146,0.24100041389465332
3,11.492517948150635,0.21699833869934082
4,22.91551899909973,0.2370293140411377
5,13.770999193191528,0.17300057411193848
6,16.312999486923218,0.1380002498626709
7,18.80955958366394,0.2479991912841797
8,21.098000288009644,0.21502923965454102
9,21.432011365890503,0.17799973487854004
