,trainning_time_consume(s),test_time_consume(s)
0,19.867558479309082,0.1960296630859375
1,8.725970268249512,0.14400386810302734
2,14.9560067653656,0.20600032806396484
3,11.407998323440552,0.1249995231628418
4,9.685999155044556,0.17400002479553223
5,15.762511014938354,0.17399954795837402
6,19.17328953742981,0.17099976539611816
7,11.100000619888306,0.1549997329711914
8,19.240999221801758,0.20103836059570312
9,15.245542049407959,0.1830000877380371
