,trainning_time_consume(s),test_time_consume(s)
0,19.507394313812256,0.16000008583068848
1,24.93013858795166,0.2190227508544922
2,15.138252258300781,0.2050004005432129
3,21.966193914413452,0.21500015258789062
4,18.537506580352783,0.16703152656555176
5,16.515000820159912,0.14900565147399902
6,14.192999124526978,0.17299985885620117
7,15.842681407928467,0.21000003814697266
8,19.027109384536743,0.18300080299377441
9,9.629108905792236,0.15200304985046387
