,trainning_time_consume(s),test_time_consume(s)
0,68.41565585136414,0.044001817703247
1,94.0011739730835,0.0609996318817138
2,69.98521757125854,0.0555231571197509
3,16.493064165115356,0.0109996795654296
4,23.404040575027462,0.0240004062652587
5,72.52871108055115,0.063000202178955
6,67.72515773773193,0.0489990711212158
7,31.232528924942017,0.0239996910095214
8,43.246628284454346,0.0250000953674316
9,39.959614753723145,0.027001142501831
