,trainning_time_consume(s),test_time_consume(s)
0,47.20612955093384,0.0269966125488281
1,31.44758152961731,0.0279977321624755
2,68.81619143486023,0.0440008640289306
3,23.117551803588867,0.0220024585723876
4,7.248020887374878,0.0060005187988281
5,44.09009885787964,0.0279991626739501
6,15.931536674499512,0.0149974822998046
7,19.004546403884888,0.0110013484954833
8,60.49312734603882,0.0490007400512695
9,48.13210844993591,0.0229990482330322
