,trainning_time_consume(s),test_time_consume(s)
0,32.414082527160645,0.0160021781921386
1,54.70663070678711,0.0320005416870117
2,29.56708836555481,0.0189990997314453
3,34.90857529640198,0.0160021781921386
4,47.302133321762085,0.0320010185241699
5,36.69559502601624,0.018996238708496
6,22.19254159927368,0.015000581741333
7,54.02264833450317,0.0270006656646728
8,22.84353899955749,0.0170016288757324
9,10.70502996444702,0.0109996795654296
