,trainning_time_consume(s),train_loss_record,test_loss_record,test_time_consume(s)
0,202.23947763442993,13.365829467773438,0.16527166298240614,1.944042682647705
1,202.23947763442993,13.371395111083984,0.16527166298240614,1.944042682647705
2,202.23947763442993,13.351515769958496,0.16527166298240614,1.944042682647705
3,202.23947763442993,13.36832046508789,0.16527166298240614,1.944042682647705
4,202.23947763442993,13.366392135620117,0.16527166298240614,1.944042682647705
5,202.23947763442993,13.372268676757812,0.16527166298240614,1.944042682647705
6,202.23947763442993,13.350038528442383,0.16527166298240614,1.944042682647705
7,202.23947763442993,13.34887981414795,0.16527166298240614,1.944042682647705
8,202.23947763442993,13.370196342468262,0.16527166298240614,1.944042682647705
9,202.23947763442993,13.362602233886719,0.16527166298240614,1.944042682647705
10,202.23947763442993,13.348326683044434,0.16527166298240614,1.944042682647705
11,202.23947763442993,13.326238632202148,0.16527166298240614,1.944042682647705
12,202.23947763442993,13.377203941345215,0.16527166298240614,1.944042682647705
13,202.23947763442993,13.379433631896973,0.16527166298240614,1.944042682647705
14,202.23947763442993,13.379746437072754,0.16527166298240614,1.944042682647705
15,202.23947763442993,13.379834175109863,0.16527166298240614,1.944042682647705
16,202.23947763442993,13.379632949829102,0.16527166298240614,1.944042682647705
17,202.23947763442993,13.379096031188965,0.16527166298240614,1.944042682647705
18,202.23947763442993,13.378363609313965,0.16527166298240614,1.944042682647705
19,202.23947763442993,13.377595901489258,0.16527166298240614,1.944042682647705
20,202.23947763442993,13.376866340637207,0.16527166298240614,1.944042682647705
21,202.23947763442993,13.37611198425293,0.16527166298240614,1.944042682647705
22,202.23947763442993,13.375004768371582,0.16527166298240614,1.944042682647705
23,202.23947763442993,13.373364448547363,0.16527166298240614,1.944042682647705
24,202.23947763442993,13.371232032775879,0.16527166298240614,1.944042682647705
25,202.23947763442993,13.368639945983887,0.16527166298240614,1.944042682647705
26,202.23947763442993,13.365381240844727,0.16527166298240614,1.944042682647705
27,202.23947763442993,13.361093521118164,0.16527166298240614,1.944042682647705
28,202.23947763442993,13.355586051940918,0.16527166298240614,1.944042682647705
29,202.23947763442993,13.347393035888672,0.16527166298240614,1.944042682647705
