,trainning_time_consume(s),train_loss_record,test_loss_record,test_time_consume(s)
0,328.65445160865784,8.101900100708008,0.16548099530160806,2.974921464920044
1,328.65445160865784,8.0989351272583,0.16548099530160806,2.974921464920044
2,328.65445160865784,8.11046314239502,0.16548099530160806,2.974921464920044
3,328.65445160865784,8.113519668579102,0.16548099530160806,2.974921464920044
4,328.65445160865784,8.117358207702637,0.16548099530160806,2.974921464920044
5,328.65445160865784,8.121927261352539,0.16548099530160806,2.974921464920044
6,328.65445160865784,8.121938705444336,0.16548099530160806,2.974921464920044
7,328.65445160865784,8.121155738830566,0.16548099530160806,2.974921464920044
8,328.65445160865784,8.120615005493164,0.16548099530160806,2.974921464920044
9,328.65445160865784,8.12014389038086,0.16548099530160806,2.974921464920044
10,328.65445160865784,8.120012283325195,0.16548099530160806,2.974921464920044
11,328.65445160865784,8.1199312210083,0.16548099530160806,2.974921464920044
12,328.65445160865784,8.11987590789795,0.16548099530160806,2.974921464920044
13,328.65445160865784,8.11983585357666,0.16548099530160806,2.974921464920044
14,328.65445160865784,8.119805335998535,0.16548099530160806,2.974921464920044
15,328.65445160865784,8.119784355163574,0.16548099530160806,2.974921464920044
16,328.65445160865784,8.119767189025879,0.16548099530160806,2.974921464920044
17,328.65445160865784,8.119755744934082,0.16548099530160806,2.974921464920044
18,328.65445160865784,8.119745254516602,0.16548099530160806,2.974921464920044
19,328.65445160865784,8.119738578796387,0.16548099530160806,2.974921464920044
20,328.65445160865784,8.119732856750488,0.16548099530160806,2.974921464920044
21,328.65445160865784,8.11972713470459,0.16548099530160806,2.974921464920044
22,328.65445160865784,8.11972427368164,0.16548099530160806,2.974921464920044
23,328.65445160865784,8.119722366333008,0.16548099530160806,2.974921464920044
24,328.65445160865784,8.119719505310059,0.16548099530160806,2.974921464920044
25,328.65445160865784,8.11971664428711,0.16548099530160806,2.974921464920044
26,328.65445160865784,8.119715690612793,0.16548099530160806,2.974921464920044
27,328.65445160865784,8.119714736938477,0.16548099530160806,2.974921464920044
28,328.65445160865784,8.11971378326416,0.16548099530160806,2.974921464920044
29,328.65445160865784,8.119712829589844,0.16548099530160806,2.974921464920044
