,trainning_time_consume(s),train_loss_record,test_loss_record,test_time_consume(s)
0,306.9280114173889,20.954509735107422,0.24499620202999967,2.713670015335083
1,306.9280114173889,21.08633804321289,0.24499620202999967,2.713670015335083
2,306.9280114173889,21.11197853088379,0.24499620202999967,2.713670015335083
3,306.9280114173889,21.147432327270508,0.24499620202999967,2.713670015335083
4,306.9280114173889,21.142436981201172,0.24499620202999967,2.713670015335083
5,306.9280114173889,21.239530563354492,0.24499620202999967,2.713670015335083
6,306.9280114173889,21.100923538208008,0.24499620202999967,2.713670015335083
7,306.9280114173889,21.24510955810547,0.24499620202999967,2.713670015335083
8,306.9280114173889,21.164203643798828,0.24499620202999967,2.713670015335083
9,306.9280114173889,21.242090225219727,0.24499620202999967,2.713670015335083
10,306.9280114173889,21.281204223632812,0.24499620202999967,2.713670015335083
11,306.9280114173889,21.224727630615234,0.24499620202999967,2.713670015335083
12,306.9280114173889,21.15567970275879,0.24499620202999967,2.713670015335083
13,306.9280114173889,21.177459716796875,0.24499620202999967,2.713670015335083
14,306.9280114173889,21.1988525390625,0.24499620202999967,2.713670015335083
15,306.9280114173889,21.21731185913086,0.24499620202999967,2.713670015335083
16,306.9280114173889,21.231775283813477,0.24499620202999967,2.713670015335083
17,306.9280114173889,21.242416381835938,0.24499620202999967,2.713670015335083
18,306.9280114173889,21.249858856201172,0.24499620202999967,2.713670015335083
19,306.9280114173889,21.25470542907715,0.24499620202999967,2.713670015335083
20,306.9280114173889,21.257366180419922,0.24499620202999967,2.713670015335083
21,306.9280114173889,21.2580509185791,0.24499620202999967,2.713670015335083
22,306.9280114173889,21.256887435913086,0.24499620202999967,2.713670015335083
23,306.9280114173889,21.25395965576172,0.24499620202999967,2.713670015335083
24,306.9280114173889,21.249414443969727,0.24499620202999967,2.713670015335083
25,306.9280114173889,21.2435359954834,0.24499620202999967,2.713670015335083
26,306.9280114173889,21.23671531677246,0.24499620202999967,2.713670015335083
27,306.9280114173889,21.229660034179688,0.24499620202999967,2.713670015335083
28,306.9280114173889,21.22402572631836,0.24499620202999967,2.713670015335083
29,306.9280114173889,21.221084594726562,0.24499620202999967,2.713670015335083
