,trainning_time_consume(s),train_loss_record,test_loss_record,test_time_consume(s)
0,262.6421871185303,19.060317993164062,0.21467636373771984,2.7090647220611572
1,262.6421871185303,19.086524963378906,0.21467636373771984,2.7090647220611572
2,262.6421871185303,19.07579803466797,0.21467636373771984,2.7090647220611572
3,262.6421871185303,19.004093170166016,0.21467636373771984,2.7090647220611572
4,262.6421871185303,19.046720504760742,0.21467636373771984,2.7090647220611572
5,262.6421871185303,19.01470375061035,0.21467636373771984,2.7090647220611572
6,262.6421871185303,19.007713317871094,0.21467636373771984,2.7090647220611572
7,262.6421871185303,18.997426986694336,0.21467636373771984,2.7090647220611572
8,262.6421871185303,19.024654388427734,0.21467636373771984,2.7090647220611572
9,262.6421871185303,18.9753360748291,0.21467636373771984,2.7090647220611572
10,262.6421871185303,19.020214080810547,0.21467636373771984,2.7090647220611572
11,262.6421871185303,19.038286209106445,0.21467636373771984,2.7090647220611572
12,262.6421871185303,19.059772491455078,0.21467636373771984,2.7090647220611572
13,262.6421871185303,18.97220802307129,0.21467636373771984,2.7090647220611572
14,262.6421871185303,19.017488479614258,0.21467636373771984,2.7090647220611572
15,262.6421871185303,19.006540298461914,0.21467636373771984,2.7090647220611572
16,262.6421871185303,19.0059814453125,0.21467636373771984,2.7090647220611572
17,262.6421871185303,19.0072078704834,0.21467636373771984,2.7090647220611572
18,262.6421871185303,19.00814437866211,0.21467636373771984,2.7090647220611572
19,262.6421871185303,19.0090274810791,0.21467636373771984,2.7090647220611572
20,262.6421871185303,19.009811401367188,0.21467636373771984,2.7090647220611572
21,262.6421871185303,19.010223388671875,0.21467636373771984,2.7090647220611572
22,262.6421871185303,19.010271072387695,0.21467636373771984,2.7090647220611572
23,262.6421871185303,19.010128021240234,0.21467636373771984,2.7090647220611572
24,262.6421871185303,19.009878158569336,0.21467636373771984,2.7090647220611572
25,262.6421871185303,19.00957679748535,0.21467636373771984,2.7090647220611572
26,262.6421871185303,19.00926399230957,0.21467636373771984,2.7090647220611572
27,262.6421871185303,19.009016036987305,0.21467636373771984,2.7090647220611572
28,262.6421871185303,19.008838653564453,0.21467636373771984,2.7090647220611572
29,262.6421871185303,19.008726119995117,0.21467636373771984,2.7090647220611572
