,trainning_time_consume(s),train_loss_record,test_loss_record,test_time_consume(s)
0,5786.239047050476,0.7688964009284973,0.056257742048218484,80.70826697349548
1,5786.239047050476,0.7718814611434937,0.056257742048218484,80.70826697349548
2,5786.239047050476,0.7725526690483093,0.056257742048218484,80.70826697349548
3,5786.239047050476,0.7713786959648132,0.056257742048218484,80.70826697349548
4,5786.239047050476,0.7700199484825134,0.056257742048218484,80.70826697349548
5,5786.239047050476,0.769525408744812,0.056257742048218484,80.70826697349548
6,5786.239047050476,0.7695249319076538,0.056257742048218484,80.70826697349548
7,5786.239047050476,0.769757091999054,0.056257742048218484,80.70826697349548
8,5786.239047050476,0.7698667645454407,0.056257742048218484,80.70826697349548
9,5786.239047050476,0.7699809074401855,0.056257742048218484,80.70826697349548
10,5786.239047050476,0.769959568977356,0.056257742048218484,80.70826697349548
11,5786.239047050476,0.769942045211792,0.056257742048218484,80.70826697349548
12,5786.239047050476,0.7699379324913025,0.056257742048218484,80.70826697349548
13,5786.239047050476,0.7699278593063354,0.056257742048218484,80.70826697349548
14,5786.239047050476,0.7698874473571777,0.056257742048218484,80.70826697349548
15,5786.239047050476,0.7698530554771423,0.056257742048218484,80.70826697349548
16,5786.239047050476,0.7698556184768677,0.056257742048218484,80.70826697349548
17,5786.239047050476,0.7698727250099182,0.056257742048218484,80.70826697349548
18,5786.239047050476,0.7699133157730103,0.056257742048218484,80.70826697349548
19,5786.239047050476,0.7697956562042236,0.056257742048218484,80.70826697349548
20,5786.239047050476,0.7697798609733582,0.056257742048218484,80.70826697349548
21,5786.239047050476,0.7697744965553284,0.056257742048218484,80.70826697349548
22,5786.239047050476,0.7697714567184448,0.056257742048218484,80.70826697349548
23,5786.239047050476,0.7697694897651672,0.056257742048218484,80.70826697349548
24,5786.239047050476,0.769768238067627,0.056257742048218484,80.70826697349548
25,5786.239047050476,0.7697672843933105,0.056257742048218484,80.70826697349548
26,5786.239047050476,0.7697667479515076,0.056257742048218484,80.70826697349548
27,5786.239047050476,0.7697662115097046,0.056257742048218484,80.70826697349548
28,5786.239047050476,0.7697658538818359,0.056257742048218484,80.70826697349548
29,5786.239047050476,0.7697655558586121,0.056257742048218484,80.70826697349548
