,trainning_time_consume(s),train_loss_record,test_loss_record,test_time_consume(s)
0,2179.4504301548004,11.637431144714355,0.12681711242077456,38.10169219970703
1,2179.4504301548004,11.619307518005371,0.12681711242077456,38.10169219970703
2,2179.4504301548004,11.615983009338379,0.12681711242077456,38.10169219970703
3,2179.4504301548004,11.616044998168945,0.12681711242077456,38.10169219970703
4,2179.4504301548004,11.618204116821289,0.12681711242077456,38.10169219970703
5,2179.4504301548004,11.620352745056152,0.12681711242077456,38.10169219970703
6,2179.4504301548004,11.62116813659668,0.12681711242077456,38.10169219970703
7,2179.4504301548004,11.62054443359375,0.12681711242077456,38.10169219970703
8,2179.4504301548004,11.620027542114258,0.12681711242077456,38.10169219970703
9,2179.4504301548004,11.619908332824707,0.12681711242077456,38.10169219970703
10,2179.4504301548004,11.619926452636719,0.12681711242077456,38.10169219970703
11,2179.4504301548004,11.620011329650879,0.12681711242077456,38.10169219970703
12,2179.4504301548004,11.620356559753418,0.12681711242077456,38.10169219970703
13,2179.4504301548004,11.620625495910645,0.12681711242077456,38.10169219970703
14,2179.4504301548004,11.620621681213379,0.12681711242077456,38.10169219970703
15,2179.4504301548004,11.62062931060791,0.12681711242077456,38.10169219970703
16,2179.4504301548004,11.620635032653809,0.12681711242077456,38.10169219970703
17,2179.4504301548004,11.620638847351074,0.12681711242077456,38.10169219970703
18,2179.4504301548004,11.620645523071289,0.12681711242077456,38.10169219970703
19,2179.4504301548004,11.620648384094238,0.12681711242077456,38.10169219970703
20,2179.4504301548004,11.62065315246582,0.12681711242077456,38.10169219970703
21,2179.4504301548004,11.62065601348877,0.12681711242077456,38.10169219970703
22,2179.4504301548004,11.620655059814453,0.12681711242077456,38.10169219970703
23,2179.4504301548004,11.620658874511719,0.12681711242077456,38.10169219970703
24,2179.4504301548004,11.620658874511719,0.12681711242077456,38.10169219970703
25,2179.4504301548004,11.620660781860352,0.12681711242077456,38.10169219970703
26,2179.4504301548004,11.620660781860352,0.12681711242077456,38.10169219970703
27,2179.4504301548004,11.620661735534668,0.12681711242077456,38.10169219970703
28,2179.4504301548004,11.620661735534668,0.12681711242077456,38.10169219970703
29,2179.4504301548004,11.620662689208984,0.12681711242077456,38.10169219970703
