,trainning_time_consume(s),test_time_consume(s)
0,5.741500854492188,0.426295518875122
1,4.507081508636475,0.3587446212768554
2,7.350607395172119,0.5592410564422607
3,7.34954833984375,0.5483336448669434
4,6.705960035324097,0.4712319374084472
5,6.708280324935913,0.505612850189209
6,6.548937797546387,0.3767094612121582
7,6.160748481750488,0.3829426765441894
8,6.021884918212891,0.4697098731994629
9,6.665818691253662,0.4124963283538818
