,trainning_time_consume(s),test_time_consume(s)
0,4.53476095199585,0.2621054649353027
1,6.9725728034973145,0.4462332725524902
2,7.703098297119141,0.4744458198547363
3,7.914092779159546,0.4317572116851806
4,5.466366529464722,0.3564164638519287
5,7.966001749038696,0.4493141174316406
6,6.885307550430298,0.4127707481384277
7,5.774623394012451,0.2454311847686767
8,6.360340595245361,0.3813233375549316
9,6.270069360733032,0.3898124694824219
