,trainning_time_consume(s),test_time_consume(s)
0,5.161212205886841,0.2844827175140381
1,5.96060848236084,0.3865258693695068
2,5.208823204040527,0.3089280128479004
3,5.473402738571167,0.4086856842041015
4,3.970360994338989,0.2477033138275146
5,4.4425578117370605,0.2988924980163574
6,4.741144180297852,0.2368745803833007
7,6.240200996398926,0.515514612197876
8,3.470060348510742,0.1599905490875244
9,5.302173614501953,0.3597145080566406
