,trainning_time_consume(s),train_loss_record,test_loss_record,test_time_consume(s)
0,3638.241230726242,1.6620564460754395,0.06052132667439759,47.919265031814575
1,3638.241230726242,1.6623282432556152,0.06052132667439759,47.919265031814575
2,3638.241230726242,1.662536382675171,0.06052132667439759,47.919265031814575
3,3638.241230726242,1.662381887435913,0.06052132667439759,47.919265031814575
4,3638.241230726242,1.66237211227417,0.06052132667439759,47.919265031814575
5,3638.241230726242,1.6627795696258545,0.06052132667439759,47.919265031814575
6,3638.241230726242,1.6632102727890015,0.06052132667439759,47.919265031814575
7,3638.241230726242,1.663608193397522,0.06052132667439759,47.919265031814575
8,3638.241230726242,1.663926362991333,0.06052132667439759,47.919265031814575
9,3638.241230726242,1.6641281843185425,0.06052132667439759,47.919265031814575
10,3638.241230726242,1.664624571800232,0.06052132667439759,47.919265031814575
11,3638.241230726242,1.6649926900863647,0.06052132667439759,47.919265031814575
12,3638.241230726242,1.66525137424469,0.06052132667439759,47.919265031814575
13,3638.241230726242,1.665527105331421,0.06052132667439759,47.919265031814575
14,3638.241230726242,1.6657079458236694,0.06052132667439759,47.919265031814575
15,3638.241230726242,1.6658092737197876,0.06052132667439759,47.919265031814575
16,3638.241230726242,1.6658796072006226,0.06052132667439759,47.919265031814575
17,3638.241230726242,1.6658638715744019,0.06052132667439759,47.919265031814575
18,3638.241230726242,1.6658215522766113,0.06052132667439759,47.919265031814575
19,3638.241230726242,1.6658111810684204,0.06052132667439759,47.919265031814575
20,3638.241230726242,1.6658082008361816,0.06052132667439759,47.919265031814575
21,3638.241230726242,1.665806770324707,0.06052132667439759,47.919265031814575
22,3638.241230726242,1.6658058166503906,0.06052132667439759,47.919265031814575
23,3638.241230726242,1.6658049821853638,0.06052132667439759,47.919265031814575
24,3638.241230726242,1.66580331325531,0.06052132667439759,47.919265031814575
25,3638.241230726242,1.6658010482788086,0.06052132667439759,47.919265031814575
26,3638.241230726242,1.6657941341400146,0.06052132667439759,47.919265031814575
27,3638.241230726242,1.6657477617263794,0.06052132667439759,47.919265031814575
28,3638.241230726242,1.66573965549469,0.06052132667439759,47.919265031814575
29,3638.241230726242,1.6657379865646362,0.06052132667439759,47.919265031814575
