,train_time,test_time
0,3.671308994293213,0.2563667297363281
1,4.1337034702301025,0.3099229335784912
2,4.1451520919799805,0.28284692764282227
3,3.7843596935272217,0.3342397212982178
4,5.640658855438232,0.40951013565063477
5,5.06984543800354,0.4124305248260498
6,4.754448890686035,0.4056408405303955
7,5.371404409408569,0.387099027633667
8,3.108419418334961,0.22082948684692383
9,3.8129868507385254,0.3204631805419922
