,target,params
colsample_bytree,-0.003702877089381218,0.9003694289597839
learning_rate,-0.003702877089381218,0.031104948475343695
max_depth,-0.003702877089381218,5.860793836860559
n_estimators,-0.003702877089381218,407.05254120277095
reg_lambda,-0.003702877089381218,17.298311248600616
subsample,-0.003702877089381218,0.9527844445017484
