,trainning_time_consume(s),test_time_consume(s)
0,50.43458890914917,0.035001516342163
1,65.12918019294739,0.0409998893737793
2,14.553547143936155,0.0089998245239257
3,23.949052333831787,0.015000581741333
4,17.581050157546997,0.0100002288818359
5,17.07753276824951,0.0080020427703857
6,18.311053037643436,0.013002872467041
7,24.36605215072632,0.0169999599456787
8,15.579026222229004,0.0099968910217285
9,16.25802993774414,0.0109965801239013
