,trainning_time_consume(s),test_time_consume(s)
0,28.994067430496216,0.0250005722045898
1,18.797056674957275,0.0149979591369628
2,40.53707671165466,0.0319986343383789
3,27.954535722732544,0.0179996490478515
4,18.121042490005493,0.0119996070861816
5,22.770585298538208,0.0150020122528076
6,73.7551383972168,0.046999454498291
7,21.04056978225708,0.0149977207183837
8,54.03960180282593,0.0210039615631103
9,61.65413165092468,0.0200004577636718
