,trainning_time_consume(s),test_time_consume(s)
0,61.83369493484497,0.0380027294158935
1,18.538048028945923,0.0160017013549804
2,21.08657002449036,0.0210011005401611
3,32.53908014297485,0.0180003643035888
4,25.39906072616577,0.0119996070861816
5,18.179544925689697,0.0090010166168212
6,46.02269840240479,0.0380003452301025
7,22.20753574371338,0.0219993591308593
8,49.51208019256592,0.0199997425079345
9,49.40814661979675,0.0239970684051513
