,trainning_time_consume(s),test_time_consume(s)
0,56.18864297866821,0.0289981365203857
1,44.63313388824463,0.0250005722045898
2,19.57805705070496,0.0090000629425048
3,30.18907785415649,0.0249989032745361
4,17.563050270080566,0.0119946002960205
5,46.265642404556274,0.0240015983581542
6,41.72966575622559,0.0290009975433349
7,16.41905450820923,0.0119998455047607
8,38.12457156181336,0.0209999084472656
9,53.79411029815674,0.0299992561340332
