,trainning_time_consume(s),train_loss_record,test_loss_record,test_time_consume(s)
0,3025.0293819904327,5.328892707824707,0.07966425070527253,39.24171686172485
1,3025.0293819904327,5.313310146331787,0.07966425070527253,39.24171686172485
2,3025.0293819904327,5.313995838165283,0.07966425070527253,39.24171686172485
3,3025.0293819904327,5.3155436515808105,0.07966425070527253,39.24171686172485
4,3025.0293819904327,5.310184478759766,0.07966425070527253,39.24171686172485
5,3025.0293819904327,5.302940368652344,0.07966425070527253,39.24171686172485
6,3025.0293819904327,5.295710563659668,0.07966425070527253,39.24171686172485
7,3025.0293819904327,5.290502548217773,0.07966425070527253,39.24171686172485
8,3025.0293819904327,5.287300109863281,0.07966425070527253,39.24171686172485
9,3025.0293819904327,5.284494400024414,0.07966425070527253,39.24171686172485
10,3025.0293819904327,5.282642364501953,0.07966425070527253,39.24171686172485
11,3025.0293819904327,5.281594753265381,0.07966425070527253,39.24171686172485
12,3025.0293819904327,5.28065824508667,0.07966425070527253,39.24171686172485
13,3025.0293819904327,5.279534816741943,0.07966425070527253,39.24171686172485
14,3025.0293819904327,5.279337406158447,0.07966425070527253,39.24171686172485
15,3025.0293819904327,5.279212474822998,0.07966425070527253,39.24171686172485
16,3025.0293819904327,5.279117107391357,0.07966425070527253,39.24171686172485
17,3025.0293819904327,5.279041290283203,0.07966425070527253,39.24171686172485
18,3025.0293819904327,5.2789788246154785,0.07966425070527253,39.24171686172485
19,3025.0293819904327,5.278928279876709,0.07966425070527253,39.24171686172485
20,3025.0293819904327,5.278887748718262,0.07966425070527253,39.24171686172485
21,3025.0293819904327,5.278853416442871,0.07966425070527253,39.24171686172485
22,3025.0293819904327,5.278822422027588,0.07966425070527253,39.24171686172485
23,3025.0293819904327,5.278789520263672,0.07966425070527253,39.24171686172485
24,3025.0293819904327,5.278744220733643,0.07966425070527253,39.24171686172485
25,3025.0293819904327,5.278661727905273,0.07966425070527253,39.24171686172485
26,3025.0293819904327,5.2784423828125,0.07966425070527253,39.24171686172485
27,3025.0293819904327,5.277580261230469,0.07966425070527253,39.24171686172485
28,3025.0293819904327,5.27780294418335,0.07966425070527253,39.24171686172485
29,3025.0293819904327,5.277752876281738,0.07966425070527253,39.24171686172485
