,trainning_time_consume(s),train_loss_record,test_loss_record,test_time_consume(s)
0,144.2011215686798,0.1212158203125,0.12084108497947454,1.7868201732635498
1,144.2011215686798,0.12213306128978729,0.12084108497947454,1.7868201732635498
2,144.2011215686798,0.12266825139522552,0.12084108497947454,1.7868201732635498
3,144.2011215686798,0.1224406436085701,0.12084108497947454,1.7868201732635498
4,144.2011215686798,0.12245464324951172,0.12084108497947454,1.7868201732635498
5,144.2011215686798,0.12244323641061783,0.12084108497947454,1.7868201732635498
6,144.2011215686798,0.12244459241628647,0.12084108497947454,1.7868201732635498
7,144.2011215686798,0.12244731187820435,0.12084108497947454,1.7868201732635498
8,144.2011215686798,0.12244655936956406,0.12084108497947454,1.7868201732635498
9,144.2011215686798,0.12244533002376556,0.12084108497947454,1.7868201732635498
10,144.2011215686798,0.12244351953268051,0.12084108497947454,1.7868201732635498
11,144.2011215686798,0.12244131416082382,0.12084108497947454,1.7868201732635498
12,144.2011215686798,0.1224387064576149,0.12084108497947454,1.7868201732635498
13,144.2011215686798,0.1224357932806015,0.12084108497947454,1.7868201732635498
14,144.2011215686798,0.12243260443210602,0.12084108497947454,1.7868201732635498
15,144.2011215686798,0.12242917716503143,0.12084108497947454,1.7868201732635498
16,144.2011215686798,0.12242553383111954,0.12084108497947454,1.7868201732635498
17,144.2011215686798,0.12242170423269272,0.12084108497947454,1.7868201732635498
18,144.2011215686798,0.12241772562265396,0.12084108497947454,1.7868201732635498
19,144.2011215686798,0.12241355329751968,0.12084108497947454,1.7868201732635498
20,144.2011215686798,0.12240925431251526,0.12084108497947454,1.7868201732635498
21,144.2011215686798,0.1224047988653183,0.12084108497947454,1.7868201732635498
22,144.2011215686798,0.12240021675825119,0.12084108497947454,1.7868201732635498
23,144.2011215686798,0.12239545583724976,0.12084108497947454,1.7868201732635498
24,144.2011215686798,0.12239055335521698,0.12084108497947454,1.7868201732635498
25,144.2011215686798,0.12237440794706345,0.12084108497947454,1.7868201732635498
26,144.2011215686798,0.12237761169672012,0.12084108497947454,1.7868201732635498
27,144.2011215686798,0.12237496674060822,0.12084108497947454,1.7868201732635498
28,144.2011215686798,0.12237018346786499,0.12084108497947454,1.7868201732635498
29,144.2011215686798,0.1223655417561531,0.12084108497947454,1.7868201732635498
