,trainning_time_consume(s),test_time_consume(s)
0,58.85464525222778,0.0369963645935058
1,45.773144245147705,0.0299985408782959
2,45.981629610061646,0.0209965705871582
3,52.21713542938232,0.0459949970245361
4,37.55861282348633,0.0259931087493896
5,15.325539112091064,0.0120022296905517
6,27.4401535987854,0.0159988403320312
7,17.777037382125854,0.0140001773834228
8,11.56702446937561,0.0090007781982421
9,9.138509511947632,0.0070002079010009
