,trainning_time_consume(s),train_loss_record,test_loss_record,test_time_consume(s)
0,266.1734628677368,0.15815752744674683,0.14765619114041328,2.9090304374694824
1,266.1734628677368,0.15800121426582336,0.14765619114041328,2.9090304374694824
2,266.1734628677368,0.15766723453998566,0.14765619114041328,2.9090304374694824
3,266.1734628677368,0.1576586663722992,0.14765619114041328,2.9090304374694824
4,266.1734628677368,0.15758851170539856,0.14765619114041328,2.9090304374694824
5,266.1734628677368,0.1575702428817749,0.14765619114041328,2.9090304374694824
6,266.1734628677368,0.1575678139925003,0.14765619114041328,2.9090304374694824
7,266.1734628677368,0.15756982564926147,0.14765619114041328,2.9090304374694824
8,266.1734628677368,0.15757326781749725,0.14765619114041328,2.9090304374694824
9,266.1734628677368,0.15757152438163757,0.14765619114041328,2.9090304374694824
10,266.1734628677368,0.15757353603839874,0.14765619114041328,2.9090304374694824
11,266.1734628677368,0.15757891535758972,0.14765619114041328,2.9090304374694824
12,266.1734628677368,0.15752097964286804,0.14765619114041328,2.9090304374694824
13,266.1734628677368,0.15734286606311798,0.14765619114041328,2.9090304374694824
14,266.1734628677368,0.1571299433708191,0.14765619114041328,2.9090304374694824
15,266.1734628677368,0.15667855739593506,0.14765619114041328,2.9090304374694824
16,266.1734628677368,0.15632669627666473,0.14765619114041328,2.9090304374694824
17,266.1734628677368,0.15601298213005066,0.14765619114041328,2.9090304374694824
18,266.1734628677368,0.15575404465198517,0.14765619114041328,2.9090304374694824
19,266.1734628677368,0.15553714334964752,0.14765619114041328,2.9090304374694824
20,266.1734628677368,0.15535591542720795,0.14765619114041328,2.9090304374694824
21,266.1734628677368,0.1552007645368576,0.14765619114041328,2.9090304374694824
22,266.1734628677368,0.15506026148796082,0.14765619114041328,2.9090304374694824
23,266.1734628677368,0.15492857992649078,0.14765619114041328,2.9090304374694824
24,266.1734628677368,0.15482820570468903,0.14765619114041328,2.9090304374694824
25,266.1734628677368,0.15483127534389496,0.14765619114041328,2.9090304374694824
26,266.1734628677368,0.154976487159729,0.14765619114041328,2.9090304374694824
27,266.1734628677368,0.15514390170574188,0.14765619114041328,2.9090304374694824
28,266.1734628677368,0.15522372722625732,0.14765619114041328,2.9090304374694824
29,266.1734628677368,0.15525709092617035,0.14765619114041328,2.9090304374694824
