,trainning_time_consume(s),train_loss_record,test_loss_record,test_time_consume(s)
0,148.61640644073486,0.12853053212165833,0.1330548943951726,1.177734375
1,148.61640644073486,0.1260317713022232,0.1330548943951726,1.177734375
2,148.61640644073486,0.12612098455429077,0.1330548943951726,1.177734375
3,148.61640644073486,0.12612135708332062,0.1330548943951726,1.177734375
4,148.61640644073486,0.1261259764432907,0.1330548943951726,1.177734375
5,148.61640644073486,0.126128688454628,0.1330548943951726,1.177734375
6,148.61640644073486,0.1261320263147354,0.1330548943951726,1.177734375
7,148.61640644073486,0.12613403797149658,0.1330548943951726,1.177734375
8,148.61640644073486,0.1261349469423294,0.1330548943951726,1.177734375
9,148.61640644073486,0.12613482773303986,0.1330548943951726,1.177734375
10,148.61640644073486,0.12613384425640106,0.1330548943951726,1.177734375
11,148.61640644073486,0.12613223493099213,0.1330548943951726,1.177734375
12,148.61640644073486,0.12613031268119812,0.1330548943951726,1.177734375
13,148.61640644073486,0.12612836062908173,0.1330548943951726,1.177734375
14,148.61640644073486,0.1261267215013504,0.1330548943951726,1.177734375
15,148.61640644073486,0.12612558901309967,0.1330548943951726,1.177734375
16,148.61640644073486,0.12612518668174744,0.1330548943951726,1.177734375
17,148.61640644073486,0.12612570822238922,0.1330548943951726,1.177734375
18,148.61640644073486,0.126127228140831,0.1330548943951726,1.177734375
19,148.61640644073486,0.1261298805475235,0.1330548943951726,1.177734375
20,148.61640644073486,0.1261337399482727,0.1330548943951726,1.177734375
21,148.61640644073486,0.1261388659477234,0.1330548943951726,1.177734375
22,148.61640644073486,0.1261453926563263,0.1330548943951726,1.177734375
23,148.61640644073486,0.126153364777565,0.1330548943951726,1.177734375
24,148.61640644073486,0.12616297602653503,0.1330548943951726,1.177734375
25,148.61640644073486,0.12617433071136475,0.1330548943951726,1.177734375
26,148.61640644073486,0.12618766725063324,0.1330548943951726,1.177734375
27,148.61640644073486,0.12620322406291962,0.1330548943951726,1.177734375
28,148.61640644073486,0.12622129917144775,0.1330548943951726,1.177734375
29,148.61640644073486,0.12624222040176392,0.1330548943951726,1.177734375
