,trainning_time_consume(s),test_time_consume(s)
0,40.08641195297241,0.0249969959259033
1,32.66234254837036,0.0269999504089355
2,61.22952103614807,0.0269958972930908
3,40.19106388092041,0.0159916877746582
4,24.34654450416565,0.0220000743865966
5,29.59303879737854,0.0190002918243408
6,21.30904960632324,0.0169997215270996
7,10.051024436950684,0.0069994926452636
8,91.34372448921204,0.0640003681182861
9,23.23505115509033,0.02000093460083
