,trainning_time_consume(s),test_time_consume(s)
0,18.46502184867859,0.0150001049041748
1,22.685561656951904,0.017000675201416
2,75.61923885345459,0.0560011863708496
3,50.78256058692932,0.0350008010864257
4,46.6671290397644,0.0360000133514404
5,30.409057140350345,0.029998779296875
6,52.67412829399109,0.0329997539520263
7,49.70063614845276,0.0240004062652587
8,61.02918815612793,0.0329999923706054
9,43.34861278533936,0.0360004901885986
