,trainning_time_consume(s),test_time_consume(s)
0,1.7522251605987549,0.1007611751556396
1,1.2526497840881348,0.065683364868164
2,0.3375313282012939,0.0167443752288818
3,1.42958664894104,0.0930562019348144
4,0.7307324409484863,0.039574384689331
5,0.7964684963226318,0.0562045574188232
6,0.7687592506408691,0.0452234745025634
7,1.072183609008789,0.0661656856536865
8,1.138794183731079,0.0858573913574218
9,0.7437059879302979,0.0415279865264892
