,trainning_time_consume(s),test_time_consume(s)
0,1.4901318550109863,0.0807771682739257
1,0.9105432033538818,0.0499281883239746
2,0.936516523361206,0.0701460838317871
3,1.2248616218566897,0.0873734951019287
4,1.4091711044311523,0.0777175426483154
5,1.006967067718506,0.0488717555999755
6,0.7302329540252686,0.0484607219696044
7,1.366443157196045,0.0746283531188964
8,1.064652681350708,0.0810949802398681
9,1.282719373703003,0.0796799659729003
