,trainning_time_consume(s),test_time_consume(s)
0,0.9457001686096193,0.0552747249603271
1,0.943429946899414,0.0668737888336181
2,1.1571040153503418,0.0763695240020752
3,1.4900598526000977,0.1080758571624755
4,0.6946084499359131,0.0404160022735595
5,0.80704665184021,0.0494880676269531
6,1.034807205200195,0.0832746028900146
7,0.9619674682617188,0.0745990276336669
8,1.0334649085998535,0.0751967430114746
9,0.4728672504425049,0.023486852645874
