,trainning_time_consume(s),test_time_consume(s)
0,160.77291774749756,1.0422511100769043
1,86.59316658973694,0.8744006156921387
2,110.39352583885193,1.3432481288909912
3,104.58125305175781,0.8797969818115234
4,65.87731313705444,1.0576190948486328
5,143.15294647216797,1.220930576324463
6,59.14456534385681,1.0727238655090332
7,87.63376140594482,1.0388460159301758
8,81.53988194465637,1.328840970993042
9,126.44105458259583,1.280900239944458
