,trainning_time_consume(s),test_time_consume(s)
0,79.94006633758545,0.8089752197265625
1,31.505294799804688,0.4567430019378662
2,71.93198895454407,0.770012617111206
3,93.02112102508545,1.0130009651184082
4,60.644214391708374,0.9079906940460205
5,73.21791672706604,0.7008152008056641
6,96.33770942687988,0.6924452781677246
7,79.7809329032898,0.7306299209594727
8,62.570494651794434,0.7744791507720947
9,82.38068699836731,0.8888442516326904
