,trainning_time_consume(s),test_time_consume(s)
0,41.64104866981506,0.25099968910217285
1,33.76154637336731,0.2709999084472656
2,22.422104597091675,0.15999984741210938
3,66.82321643829346,0.34399986267089844
4,24.07850742340088,0.1500248908996582
5,38.25272059440613,0.2580296993255615
6,35.08600091934204,0.34402990341186523
7,42.8377685546875,0.28600263595581055
8,28.60526943206787,0.2910294532775879
9,46.333051919937134,0.32503437995910645
