,trainning_time_consume(s),test_time_consume(s)
0,10.58799934387207,0.10500073432922363
1,8.46199655532837,0.11800360679626465
2,7.416996717453003,0.08500027656555176
3,7.731573581695557,0.10100054740905762
4,11.114998579025269,0.1500382423400879
5,8.301506996154785,0.14300036430358887
6,6.16450834274292,0.11004877090454102
7,9.268816471099854,0.14500021934509277
8,7.566043853759766,0.11199951171875
9,14.703441143035889,0.15400290489196777
