,target,params
0,-0.10187500156462193,"{'Nodes_per_layer': 177.817615001532, 'deepth': 3.90864076299206}"
1,-0.1035406356677413,"{'Nodes_per_layer': 573.0685175688875, 'deepth': 3.86087668858741}"
2,-0.2058260701596737,"{'Nodes_per_layer': 805.0209093656532, 'deepth': 2.3572068298377795}"
3,-0.1027729231864214,"{'Nodes_per_layer': 326.7387238825114, 'deepth': 4.744386763897274}"
4,-0.1018991181626916,"{'Nodes_per_layer': 104.68559881833104, 'deepth': 2.6327598777468157}"
5,-0.10502359829843044,"{'Nodes_per_layer': 460.804967530002, 'deepth': 2.1312126215510285}"
# cuda