,target,params
0,-0.09332150034606457,"{'Nodes_per_layer': 842.0070692371521, 'deepth': 5.650540321129073}"
1,-0.09263212978839874,"{'Nodes_per_layer': 687.2061023434969, 'deepth': 5.796276989216274}"
2,-0.09221725165843964,"{'Nodes_per_layer': 454.1416459949946, 'deepth': 5.735941126473142}"
3,-0.10692754294723272,"{'Nodes_per_layer': 801.3824403857066, 'deepth': 3.8067821643003157}"
4,-0.09733009524643421,"{'Nodes_per_layer': 881.9005871402446, 'deepth': 5.385701896325714}"
5,-0.09259773045778275,"{'Nodes_per_layer': 453.3064518218004, 'deepth': 4.464612957280624}"
# cuda