,target,params
0,-0.10221844166517258,"{'Nodes_per_layer': 502.9597943261945, 'deepth': 4.903218867594795}"
1,-0.1106881806626916,"{'Nodes_per_layer': 685.1034524905908, 'deepth': 2.6914491976445123}"
2,-0.10370746068656445,"{'Nodes_per_layer': 187.39149239298925, 'deepth': 3.5209041781968455}"
3,-0.10234914626926184,"{'Nodes_per_layer': 783.0626164878339, 'deepth': 3.372001253822456}"
4,-0.11458284966647625,"{'Nodes_per_layer': 868.1481213282033, 'deepth': 2.4368717174006993}"
5,-0.10177710931748152,"{'Nodes_per_layer': 504.1976674601875, 'deepth': 4.263805802864059}"
# cuda