,target,params
0,-0.12441310845315456,"{'Nodes_per_layer': 808.5027639795888, 'deepth': 4.855846048598173}"
1,-0.12292773369699717,"{'Nodes_per_layer': 199.6382256915729, 'deepth': 5.354531357061568}"
2,-0.1260725436732173,"{'Nodes_per_layer': 803.3835464221324, 'deepth': 5.554287357792398}"
3,-0.12186650093644857,"{'Nodes_per_layer': 812.3597252341159, 'deepth': 4.66337604155984}"
4,-0.12405393738299608,"{'Nodes_per_layer': 753.2496566474305, 'deepth': 3.298764310009025}"
5,-0.12251537386327982,"{'Nodes_per_layer': 250.34297601718808, 'deepth': 4.138636916669759}"
# cuda