,target,params
0,-0.10662853345274925,"{'Nodes_per_layer': 923.2785896078807, 'deepth': 4.252949809866145}"
1,-0.16920326463878155,"{'Nodes_per_layer': 940.8080982648019, 'deepth': 2.430088008345073}"
2,-0.1122532095760107,"{'Nodes_per_layer': 321.6507481987994, 'deepth': 2.9090521133871605}"
3,-0.10540475323796272,"{'Nodes_per_layer': 117.01307753551585, 'deepth': 5.867280275433366}"
4,-0.10498150438070297,"{'Nodes_per_layer': 983.1327806693317, 'deepth': 5.284257982129816}"
5,-0.10740627255290747,"{'Nodes_per_layer': 194.6054101356523, 'deepth': 3.0028825148517364}"
# cuda