,trainning_time_consume(s),test_time_consume(s)
0,37.11363625526428,0.0179986953735351
1,40.13222026824951,0.0219976902008056
2,64.38520407676697,0.0330002307891845
3,9.038023471832275,0.0060000419616699
4,30.635575532913208,0.01300048828125
5,27.602568864822388,0.0149991512298583
6,17.132534980773926,0.0119976997375488
7,32.53607892990112,0.0209951400756835
8,29.64405584335327,0.01399827003479
9,25.41757678985596,0.0150010585784912
