,trainning_time_consume(s),test_time_consume(s)
0,8.747543573379517,0.08899950981140137
1,3.8540515899658203,0.06000185012817383
2,6.384088516235352,0.11700057983398438
3,7.72500467300415,0.12600016593933105
4,9.326651334762573,0.13499999046325684
5,5.538667678833008,0.07199907302856445
6,7.388274431228638,0.10202431678771973
7,10.803339719772339,0.12299966812133789
8,8.71459698677063,0.08800077438354492
9,6.89656662940979,0.10000157356262207
