,trainning_time_consume(s),test_time_consume(s)
0,10.435123205184937,0.12199974060058594
1,9.527024269104004,0.14800047874450684
2,7.357652187347412,0.10899996757507324
3,9.577715158462524,0.15403246879577637
4,7.412267446517944,0.09200024604797363
5,8.581294775009155,0.11600041389465332
6,5.114557981491089,0.08499956130981445
7,12.01260757446289,0.13000059127807617
8,12.206668853759766,0.13300156593322754
9,8.224010705947876,0.12900114059448242
