,trainning_time_consume(s),test_time_consume(s),epochs
0,849.773845911026,0.4700276851654053,250
1,614.9536325931549,0.35699939727783203,250
# cuda